編號,學期,主開課教師姓名,科目代碼(新碼全碼),系所代碼,核心四碼,科目組別,年級,上課班組,科目中文名稱,科目英文名稱,授課教師姓名,上課人數,男學生上課人數,女學生上課人數,學分數,上課週次,上課時數/週,課別代碼,課別名稱,上課地點,上課星期,上課節次,課表備註,課程中文摘要,課程英文摘要,主開課教師代碼(舊碼),科目代碼(舊碼),課表代碼(舊碼),課表名稱(舊碼),授課教師代碼(舊碼)
1,1131,林東正,221400059011A0,資訊管理系,59,1,1,A0,企業概論,Introduction to business,林東正,45,27,18,3,全18週,3,3,專業必修(系所),F409,2,"6,7,8",修課限制：本系四技一般生、外系四技一般生、本所（研究生下修，不計入畢業學分）,本課程主要在介紹企業的內涵、職能活動，以及企業的運作，並藉由企業個案學習企業概論，落實理論與實務的結合。課程內容包括企業的組成、本質與各項管理活動，包括企業競爭環境、公司治理、企業社會責任、企業經營之規劃組織領導控制，以及生產作業、行銷、人力資源、研發創新、財務與資訊等六大管理領域的基本概念。,"This course introduces the nature, activities, and processes of a business. By way of case studies, the students will understand both the theories and the practices about the business. The course contents include a lot of management topics: they are produ",740,4401Q361,440411,資四一A ,740
2,1131,姚彥淇,221400000011A0,資訊管理系,0,1,1,A0,國文一,Chinese Literature I,姚彥淇,56,22,34,2,全18週,2,1,通識必修(通識),F403,1,"8,9","大一新生限54名，其餘名額預留予重修生。
1.第二階段加退選僅由人康、健科學院四技生一年級生互相跨班選課及人康、健科學院重修生選課。
2.第三階段加退選開放系外及重修生選課。
3.主題:思辨與討論",本課程銜接中學國文教育，著重培養學生閱讀、欣賞、寫作、口語表達等語言文字能力，並提升學生閱讀興趣、拓展人文視野，增進學生人文精神與文化涵養，進而落實至生活中，以培養獨立思考、理性自主的健全人格。,"In this course students will study representative works of classical and modern literature, with an emphasis on improving verbal skills such as reading, writing, speaking and appreciation for Chinese literature. In doing so, the course aims to inspire students' interest in reading in order to expand on their knowledge, thus able to integrate vitality and cultural conservation into everyday life, whilst promoting independent, logical thinking and a healthy character.",112,4401F621,440411,資四一A ,112
3,1131,吳承翰,221400124011A0,資訊管理系,124,1,1,A0,程式設計,Introduction of Computer Programming,吳承翰,48,29,19,3,全18週,3,3,專業必修(系所),F602,1,"2,3,4",修課限制：本系四技一般生、外系四技一般生、本所（研究生下修，不計入畢業學分）、程式設計課程,本課程的主要教學目的是教授「程式設計概念」與「設計方法」。課程的主要內容包括「程式設計概念」、「問題解決方法」、「程式流程圖設計」、「Console-Mode程式之設計」、「Event-Driven程式之設計」、「物件導向程式設計」、及「軟體專案練習」。整個課程中，學生分為數組，各組必須完成3個軟體專案。,"The major subject of this course is to make an introduction of the concept of programming. The teaching activities will focus on discussing the concept of problem solving, designing the program flowchart and developing programs in C#. For the most part, w",1197,4401Q381,440411,資四一A ,1197
4,1131,林良憲,221400075011A0,資訊管理系,75,1,1,A0,微積分,Calculus,林良憲,34,22,12,3,全18週,3,3,專業必修(系所),F410,4,"6,7,8",修課限制：本系四技一般生、外系四技一般生、本所（研究生下修，不計入畢業學分）,本課程的內容，在介紹微分、積分的基礎觀念與意義，如極限與連續、導函數、導數的應用、指數與對數函數、積分、積分技巧、多變數函數等的說明，為日常生活與專業課程奠定良好的數學基礎。,"This course describes the meanings of differentiation and integration. The concepts and applications of limits, continuity, derivatives, exponent, logarithm, integration, and functions of several variables are taught in the class. It builds up good mathem",799,4401Q371,440411,資四一A ,799
5,1131,張顯洋,221400213011A0,資訊管理系,213,1,1,A0,資訊素養與網路運用,Information Literacy and Network Application,張顯洋,42,26,16,2,全18週,2,1,通識必修(通識),F602,3,"5,6",修課限制：本系四技一般生、外系四技一般生大二以上、休健四技大三以上、程式設計課程,本課程為電腦之基礎課程，主要培育學生資訊素養，以具備適當資訊應用能力。課程內容除強化電腦基本概念、作業系統與文書處理軟體應用能力外，並包含網路觀念、網路應用、網路安全、資訊倫理，與智慧財產權。,"This course is a basic course to educate students to have enough knowledge about information literacy and network application. The course will include the basic concept of computers, operating systems, office application software, network applications, information security, and intellectual property concepts.",443,4401F651,440411,資四一A ,443
6,1131,莫淑蘭,221400027011A0,資訊管理系,27,1,1,A0,藝術文化史,History of Artistic Culture,莫淑蘭,49,27,22,2,全18週,2,1,通識必修(通識),G106,2,"3,4","1.第二階段開放修習「藝術文化史/世界文明史」課程之學生及重修生互相跨班選課。
2.全部網路選課，無紙本加選。
3.因轉學轉系或修習雙聯學位同學如欲提早修課，經中心同意後，請於第三階段開放其選課，名單會於第二階段選課結束後送交教務處。",透過藝術文化的類型與不同的表現形式及中西方藝術的演進與賞析，瞭解藝術的理念、內涵與歷史演變，深入探討藝術與生命、美感與生活、藝術與文化等重要議題之意義。培養學生對藝術文化有基本的認識與高度的敏感度，提升審美素養，持續自主學習的興趣。,"Through the exploration of various types and form of art and culture, as well as the evolution and appreciation of Eastern and Western art, this course provides an understanding of the concepts, meaning and historical transformations of arts. It further delves deeply into significant topics such as art and life, aesthetics and everyday life, and art and culture. Students will acquire a foundational comprehension and heightened sensitivity of art and culture, enhance their aesthetic literacy, and foster a sustained commitment to self-directed education.",969,4401F631,440411,資四一A ,969
7,1131,吳承螢,221401746011A0,資訊管理系,1746,1,1,A0,體育-基本運動素養,P E-Fundamental Movement Capacities,吳承螢,44,26,18,0,全18週,2,1,通識必修(通識),,2,"1,2","1.四技一年級新生，由教務處安排於入學系別之一年級原班授課。 
2.第二階段加退選，開放全校二技一般生及四技二年級(含)以上一般生選課。 
3.上課地點請洽體育室。 
4.跨校。 ","新生的體育教學課程設計著重在體適能的強化、健康運動概念介紹及休閒運
動入門引導。主要內容包括健康體適能之心肺適能的強化，以及帶動身體協
調性與強調團隊合作的籃球運動為主，期望學生不僅習得運動健康概念，也
因球類運動而習得助人及團隊合作的態度。","The purpose of this course for freshman is emphasis on the both physical 
fitness and basic sport skill. Lecturers instruct the concept of sports and healthy to 
the student through cardiovascular fitness and sport skill (basketball) as well as to 
promote the coordination of the body and the emphasis on teamwork of basketball. 
Freshmen not only acquire the concept of sports health, but also learn to help 
people and teamwork attitude.",8337,4401F611,440411,資四一A ,8337
8,1131,李佳馨,221400028011B0,資訊管理系,28,1,1,B0,世界文明史,The History of World Civilization,李佳馨,50,30,20,2,全18週,2,1,通識必修(通識),F407,3,"3,4","1.第二階段開放修習「藝術文化史/世界文明史」課程之學生及重修生互相跨班選課。
2.全部網路選課，無紙本加選。
3.因轉學轉系或修習雙聯學位同學如欲提早修課，經中心同意後，請於第三階段開放其選課，名單會於第二階段選課結束後送交教務處。",本課程藉由對世界古文明、中古時期文明之起源、興盛、沒落以及近代文明之探討，暸解世界文化與人類發展之關係，協助學生建立世界一體國際觀之觀念；以立足台灣、放眼世界，成為具文明觀及文化素養之現代公民。,This course is designed to help students comprehend the correlation between world culture and human development ，through the study of the origins，prosperous and collapse of ancient and medieval civilization leading to the modern civilization .Furthermore ，the course will enable students to establish an international vista and to be a cultivated citizen .,157,4401F641,440412,資四一B ,157
9,1131,林東正,221400059011B0,資訊管理系,59,1,1,B0,企業概論,Introduction to business,林東正,47,31,16,3,全18週,3,3,專業必修(系所),F409,4,"6,7,8",修課限制：本系四技一般生、外系四技一般生、本所（研究生下修，不計入畢業學分）,本課程主要在介紹企業的內涵、職能活動，以及企業的運作，並藉由企業個案學習企業概論，落實理論與實務的結合。課程內容包括企業的組成、本質與各項管理活動，包括企業競爭環境、公司治理、企業社會責任、企業經營之規劃組織領導控制，以及生產作業、行銷、人力資源、研發創新、財務與資訊等六大管理領域的基本概念。,"This course introduces the nature, activities, and processes of a business. By way of case studies, the students will understand both the theories and the practices about the business. The course contents include a lot of management topics: they are produ",740,4401Q361,440412,資四一B ,740
10,1131,許仲南,221400000011B0,資訊管理系,0,1,1,B0,國文一,Chinese Literature I,許仲南,57,30,27,2,全18週,2,1,通識必修(通識),F409,1,"8,9","大一新生限54名，其餘名額預留予重修生。
1.第二階段加退選僅由人康、健科學院四技生一年級生互相跨班選課及人康、健科學院重修生選課。
2.第三階段加退選開放系外及重修生選課。
3.主題:閱讀書寫與人生",本課程銜接中學國文教育，著重培養學生閱讀、欣賞、寫作、口語表達等語言文字能力，並提升學生閱讀興趣、拓展人文視野，增進學生人文精神與文化涵養，進而落實至生活中，以培養獨立思考、理性自主的健全人格。,"In this course students will study representative works of classical and modern literature, with an emphasis on improving verbal skills such as reading, writing, speaking and appreciation for Chinese literature. In doing so, the course aims to inspire students' interest in reading in order to expand on their knowledge, thus able to integrate vitality and cultural conservation into everyday life, whilst promoting independent, logical thinking and a healthy character.",1075,4401F621,440412,資四一B ,1075
11,1131,吳承翰,221400124011B0,資訊管理系,124,1,1,B0,程式設計,Introduction of Computer Programming,吳承翰,46,29,17,3,全18週,3,3,專業必修(系所),F602,2,"2,3,4",修課限制：本系四技一般生、外系四技一般生、本所（研究生下修，不計入畢業學分）、程式設計課程,本課程的主要教學目的是教授「程式設計概念」與「設計方法」。課程的主要內容包括「程式設計概念」、「問題解決方法」、「程式流程圖設計」、「Console-Mode程式之設計」、「Event-Driven程式之設計」、「物件導向程式設計」、及「軟體專案練習」。整個課程中，學生分為數組，各組必須完成3個軟體專案。,"The major subject of this course is to make an introduction of the concept of programming. The teaching activities will focus on discussing the concept of problem solving, designing the program flowchart and developing programs in C#. For the most part, w",1197,4401Q381,440412,資四一B ,1197
12,1131,林良憲,221400075011B0,資訊管理系,75,1,1,B0,微積分,Calculus,林良憲,50,32,18,3,全18週,3,3,專業必修(系所),F410,2,"6,7,8",修課限制：本系四技一般生、外系四技一般生、本所（研究生下修，不計入畢業學分）,本課程的內容，在介紹微分、積分的基礎觀念與意義，如極限與連續、導函數、導數的應用、指數與對數函數、積分、積分技巧、多變數函數等的說明，為日常生活與專業課程奠定良好的數學基礎。,"This course describes the meanings of differentiation and integration. The concepts and applications of limits, continuity, derivatives, exponent, logarithm, integration, and functions of several variables are taught in the class. It builds up good mathem",799,4401Q371,440412,資四一B ,799
13,1131,王正航,221400213011B0,資訊管理系,213,1,1,B0,資訊素養與網路運用,Information Literacy and Network Application,王正航,46,30,16,2,全18週,2,1,通識必修(通識),S103,3,"6,7",修課限制：本系四技一般生、外系四技一般生大二以上、休健四技大三以上,本課程為電腦之基礎課程，主要培育學生資訊素養，以具備適當資訊應用能力。課程內容除強化電腦基本概念、作業系統與文書處理軟體應用能力外，並包含網路觀念、網路應用、網路安全、資訊倫理，與智慧財產權。,"This course is a basic course to educate students to have enough knowledge about information literacy and network application. The course will include the basic concept of computers, operating systems, office application software, network applications, information security, and intellectual property concepts.",223,4401F651,440412,資四一B ,223
14,1131,藍偉雄,221401746011B0,資訊管理系,1746,1,1,B0,體育-基本運動素養,P E-Fundamental Movement Capacities,藍偉雄,50,31,19,0,全18週,2,1,通識必修(通識),,3,"1,2","1.四技一年級新生，由教務處安排於入學系別之一年級原班授課。 
2.第二階段加退選，開放全校二技一般生及四技二年級(含)以上一般生選課。 
3.上課地點請洽體育室。 
4.跨校。 ","新生的體育教學課程設計著重在體適能的強化、健康運動概念介紹及休閒運
動入門引導。主要內容包括健康體適能之心肺適能的強化，以及帶動身體協
調性與強調團隊合作的籃球運動為主，期望學生不僅習得運動健康概念，也
因球類運動而習得助人及團隊合作的態度。","The purpose of this course for freshman is emphasis on the both physical 
fitness and basic sport skill. Lecturers instruct the concept of sports and healthy to 
the student through cardiovascular fitness and sport skill (basketball) as well as to 
promote the coordination of the body and the emphasis on teamwork of basketball. 
Freshmen not only acquire the concept of sports health, but also learn to help 
people and teamwork attitude.",410,4401F611,440412,資四一B ,410
15,1131,黃俊清,221401263011R0,資訊管理系,1263,1,1,R0,適應體育,Physical Education,黃俊清,5,2,3,0,全18週,2,1,通識必修(通識),,1,"11,12",修課限制：書面選課（申請方式請洽體育室）、上課地點請洽體育室,課程內容著重在鼓勵特殊狀況學生能藉由適應體育活動設計以提供修正、降低能力限制而仍然能夠在活動中漸漸增進健康體適能與運動表現能力，並進而促進身心健全發展。,"The purpose of this course not only emphasis on the maintenance of physical fitness and sport skill, but also on the cultivation of the leisure, for the improving the concept of injury prevention. In the activities, students can gradually improve health fitness and sports performance, and further promote the development of physical and mental.",408,4401F661,440AR0,資四前R0,408
16,1131,祝國忠,2.21E+13,資訊管理系,79,1,2,20,作業研究,Operations Research,祝國忠,24,15,9,3,全18週,3,7,專業選修(系所),F601,2,"7,8,9",修課限制：本系四技一般生大二以上、外系四技一般生大二以上、本所（研究生下修，不計入畢業學分）、跨域課程、程式設計課程,"作業研究(operations research, OR)是針對決策問題(尤其是管理決策問題)，以各種數量方法與系統的方式進行分析與探討，以提供最佳的決策建議。本課程主要內容包括：線性規劃及其求解法及應用、網路模式(最小成本路徑以及最大流量路徑)、專案管理(PERT/CPM)以及決策分析(決策樹)等課題。近年來，在台灣運用作業研究(OR)的方法解決醫院作業問題的例子愈來愈多，作業研究(OR)課程也逐漸成為醫療機構管理相關系所之必修課程。學生修習本課程，有助於學生將來於職場上使用該課程所介紹之數量方法，尋求","The purpose of this course is to introduce basic concept and models of the field of operations research. Starting from the concept of Linear Programming, Simplex Method is introduced. Different types of Problems using variations of Simplex Method such as",752,4402Z281,440B20,資日四20,752
17,1131,吳承翰,2.21E+13,資訊管理系,148,1,2,21,健康照護資料處理,Healthcare Data Processing,吳承翰,55,34,21,3,全18週,3,7,專業選修(系所),B210,4,"8,9,10",修課限制：本系四技一般生大二以上、外系四技一般生大二以上、本所（研究生下修，不計入畢業學分）,現代的健康照護作業過程，諸如掛號、體檢、供應室管理、居家個案管理，往往需要有合適的資料處理系統支援相關的資料紀錄、資料管理與資訊應用。本課程將針對健康照護資料處理的問題與需求做主題式介紹與討論，並且教導學生練習相關的資訊技術，進而要求學生選擇一項健康照護資料處理主題，製作一套健康照護資料處理系統。,"This course provides a comprehensive introduction to healthcare data processing.
We are going to introduce some practical data processing problems in medical.
Students are required to be familiar with these applications as well as medical data
processing procedures.",1197,4402Z291,440B21,資日四21,1197
18,1131,蔡坤孝,2.21E+13,資訊管理系,1196,1,2,22,程式設計邏輯,Programming Logic,蔡坤孝,33,22,11,3,全18週,3,7,專業選修(系所),F601,1,"2,3,4",修課限制：本系四技一般生大二以上、外系四技一般生大二以上、本所（研究生下修，不計入畢業學分）、程式設計課程,"本課程教學內容分為「基本程式介紹」、「邏輯思考訓練」與「檔案的處理」
司三大主題，課程使用 C 程式語言進行教學。課程一開始，會介紹 C 語言基本
輸入輸入語法、條件敘述(Conditional Statement)與迴圈敘述(Loop Statement)，然
後進入邏輯思考訓練。
對於一程式設計者而言，無論撰寫何種程式語言，通常有超過一半的程式碼，
都會被包含於條件敘述與迴圈敘述中，此兩種敘述包含了大量的資料結構與邏輯
觀念，表面上看似簡單，但多層下的條件敘述與迴圈敘述，往往對程式初學者產
生很大的程式障礙，因此，課程將由基本的觀念開始，結合資料結構之概念，培
養同學撰寫程式所需之基本能力。
接著，課程會加入檔案的處理，並與生活中的例子結合，進行資料的擷取與
分析，以學習利用程式來簡化工作，以達到課程學以致用之目標。","Though programming is mainly associated with the field of computer
management, but writing good and optimized code is mostly an art. The purpose of
the class is to train students’ programming logic. We will begin with an installation of
Teacher’s academic code: 9996
the C language. We will then develop programs that test students’ mind skills. Also,
the course has lots of logic puzzles which have to solve. Following the class, students’
logic could be improved. In the long term, we hope that the course can improve
students’technique for every programming language.",9996,4402Z271,440B22,資日四22,9996
19,1131,王正航,2.21E+13,資訊管理系,22,1,2,80,電腦軟體整合應用,Computer Software Integrated Application,王正航,0,0,0,2,全18週,2,5,通識選修(通識),,3,"9,10",20240911關課。修課限制：本系四技一般生大二以上、外系四技一般生大二以上、本所（研究生下修，不計入畢業學分）、程式設計課程,本課程著重讓學生了解電腦軟體整合應用之內容並實際操作，教導學生如何於資訊爆炸的年代利用電腦軟體整合資訊，並藉由課程提升學生電腦軟體整合運用能力。本課程目的在培養學生未來職場所應有的資訊技能及自主學習能力，讓學生在學習過程中，以漸進方式得到工作所需之資訊能力。本課程提供資料分析處理與多媒體製作之資訊相關知識，並協助學生取得相關資訊技能認證。,"This course provides information relevant knowledge, which includes data analysis and multimedia processing knowledge, to develop students' information skills and abilities. The course focuses on integrated applications of computer software, which include Microsoft office application software and multimedia processing software. The objective of the course is to develop students’ information skills and abilities for their future work and study. Moreover, the course could assist students to obtain information related certification.",223,4402W201,440B80,資日四80,223
20,1131,陳品如,2.21E+13,資訊管理系,1606,1,2,81,全民國防,Civil Defense,陳品如,47,35,12,2,全18週,2,5,通識選修(通識),G203,1,"6,7",修課限制：本系四技一般生、外系二技一般生、外系四技一般生、外系二技進修部,未來的戰爭型態已經遠遠超出穿軍裝的軍人、飛機和大砲的範圍。因此，政府必須儘快介入所有的無形戰爭領域以便於預做準備。本課程旨在講述全民國防的核心價值，並藉由活動設計與經驗分享，使學生體認到國防事務與生活息息相關，從而建立全民國防共識。,"The types of wars in the future have gone well beyond the ranks of military uniformed soldiers, aircraft and artillery.Therefore, the government must step in as soon as possible to get prepared for all fields of invisible wars. Accordingly, this course aims to instruct students in the core values of national defense, and help the students recognize that national defense affairs are highly related to human daily life through participating in activities and sharing experiences so as to establish a national consensus on defense.",574,4402W191,440B81,資日四81,574
21,1131,徐建業,221400125012A0,資訊管理系,125,1,2,A0,物件導向程式設計,Object-Oriented Programming,徐建業,49,29,20,3,全18週,3,3,專業必修(系所),S103,1,"8,9,10",修課限制：本系四技一般生大二以上、外系四技一般生大二以上、本所（研究生下修，不計入畢業學分）、程式設計課程,「物件導向程式設計」是目前相當重要的程式設計方法，也是學習物件導向系統發展技能之先修基礎課程，這個課程的目的旨在教導學員了解如何使用「物件導向程式設計方法」和「物件導向程式語言」撰寫物件導向程式，指揮電腦幫我們處理事物，基本上學習「物件導向程式設計」就如同學習「文言文寫作」一般，講師將會指導學員學習「物件導向電腦語言」、「物件導向語言的句型字彙」、「怎麼用物件導向方式表達我們的想法」、以及「怎麼撰寫物件導向程式」。,"This course is aimed to introduce the concept of object-oriented programming and fundamental Java programming. The teaching activities also focus on discussing the concept of problem solving, designing the program flowchart and developing programs in Java",1609,4402Q651,440421,資四二A ,1609
22,1131,杜清敏,221400061012A0,資訊管理系,61,1,2,A0,醫療資訊概論,Introduction to Medical Informatics,杜清敏,43,26,17,3,全18週,3,3,專業必修(系所),F411,4,"2,3,4",修課限制：本系四技一般生大二以上、外系四技一般生大二以上、本所（研究生下修，不計入畢業學分）、跨域課程,本課程內容包括醫療資訊簡介、醫學資料處理、電子病歷、醫學資訊傳輸標準與分類代碼、醫療決策分析與智慧型系統，衛生資料交換第七層標準(HL7)，醫學數位影像傳輸標準(DICOM)，遠距醫療及醫療電子商務。,"The content of this course includes Introduction to Medical Informatics, Medical Data Process, Electronic Medical Records, Medical Image, Medical Coding and Classification systems, Medical Decision Support and Intelligent Systems, Health Level Seven (HL7)",0,4402Q641,440421,資四二A ,杜清敏
23,1131,黃俊清,221401723012A0,資訊管理系,1723,1,2,A0,體育-高爾夫球,PE- Golf,黃俊清,29,6,23,0,全18週,2,1,通識必修(通識),,5,"6,7","1.第一階段志願選，僅由資四二A、資四二B互相跨班選課。
2.第二階段加退選，開放全校二技一般生及四技二年級(含)以上一般生選課。
3.上課地點請洽體育室，一學期至多修習2門必修體育。
4.跨校。","利用循序漸進的教學方式，教導學生高爾夫的基本動作，
透過對高爾夫基本動作的熟練，進而提昇學生對高爾夫比賽的興趣、享受高爾夫運動的
樂趣。講授高爾夫運動的規則及比賽策略。強調運動員必須在規則範圍內做合法的競賽，
透過高爾夫運動來幫助學生守法、守分與合作的精神，並協助運動習慣的養成，期望學
生能以高爾夫運動作為終身運動。","The content of course is to instruct students’ Golf by using step-by-step 
teaching method. Over the basic movement of the skilled is to enhance the 
students' interest in Golf game and enjoyment the fun of Golf. The rules and 
strategies of teaching Golf to emphasize that athletes must be legitimate 
competition in the scope of the rules through the sport of Golf to help students 
to obey the law, be law-abiding and cooperation spirit, Therefor, students are 
expected to develop the habit of exercise and to choice Golf as a lifetime of 
activity.",408,4402F181,440421,資四二A ,408
24,1131,林東正,221400045012A1,資訊管理系,45,1,2,A1,會計學,Accounting,林東正,41,25,16,3,全18週,3,3,專業必修(系所),F409,3,"2,3,4","資四二限45名，其餘名額預留予重修生。
資四二AB混選，修課限制：本系四技一般生大二以上、外系四技一般生大二以上、本所（研究生下修，不計入畢業學分）",本課程期望能強化學生對會計基本觀念理解，以及財務報表的決策功能。課程首先會介紹會計的基本概念，並以買賣業為例，了解基本會計循環以即可編制基本的財務報表。課程涵蓋：會計循環、財務報表編制、買賣業會計、應收帳款、存貨、股本、現金流量表，以及財報分析等單元。,"The purpose of this course is to enable students understanding accounting concept and their application in the management. The course will introduce the basic concept of accounting and the application of final statement. The course will discussion double entry system, transaction analysis, , journalizing process, posting, trial balance, adjusting process, accounting cycle, merchandising operations, inventory, long-term liabilities, stockholder’s equity, statement of cash flows, and financial statement analysis.",740,4402Q621,440BA1,資四二A1,740
25,1131,文郁,221400597012A2,資訊管理系,597,1,2,A2,成本會計,Cost Accounting,文郁,45,28,17,3,全18週,3,3,專業必修(系所),F405,3,"2,3,4","資四二限45名，其餘名額預留予重修生。
資四二AB混選，修課限制：本系四技一般生大二以上、外系四技一般生大二以上、本所（研究生下修，不計入畢業學分）",本課程期望能強化學生對成本概念的瞭解以及成本概念在管理上的運用。課程首先會介紹成本會計的基本概念以及成本習性，以增強同學對會計與成本會計二者間關連的瞭解。課程尚涵蓋：分批成本、標準成本、變動成本、作業成本制、成本數量利潤分析以及資本預算等單元。,"The purpose of this course is to enable students understanding cost concept and their application in the management. The course will introduce the basic concept of cost accounting and the cost behavior to enhance the understanding of the connection between accounting and cost accounting. The discussion of job order costing system, standards costing system, variable costing system, activity-based costing, cost-volume-profit analysis, and capital budgeting and cost analysis will also include in the course.",586,4402Q601,440BA2,資四二A2,586
26,1131,連中岳,221400125012B0,資訊管理系,125,1,2,B0,物件導向程式設計,Object-Oriented Programming,連中岳,42,28,14,3,全18週,3,3,專業必修(系所),F601,4,"2,3,4",修課限制：本系四技一般生大二以上、外系四技一般生大二以上、本所（研究生下修，不計入畢業學分）、程式設計課程,「物件導向程式設計」是目前相當重要的程式設計方法，也是學習物件導向系統發展技能之先修基礎課程，這個課程的目的旨在教導學員了解如何使用「物件導向程式設計方法」和「物件導向程式語言」撰寫物件導向程式，指揮電腦幫我們處理事物，基本上學習「物件導向程式設計」就如同學習「文言文寫作」一般，講師將會指導學員學習「物件導向電腦語言」、「物件導向語言的句型字彙」、「怎麼用物件導向方式表達我們的想法」、以及「怎麼撰寫物件導向程式」。,"This course is aimed to introduce the concept of object-oriented programming and fundamental Java programming. The teaching activities also focus on discussing the concept of problem solving, designing the program flowchart and developing programs in Java",402,4402Q651,440422,資四二B ,402
27,1131,杜清敏,221400061012B0,資訊管理系,61,1,2,B0,醫療資訊概論,Introduction to Medical Informatics,杜清敏,46,27,19,3,全18週,3,3,專業必修(系所),F411,4,"5,6,7",修課限制：本系四技一般生大二以上、外系四技一般生大二以上、本所（研究生下修，不計入畢業學分)、跨域課程,本課程內容包括醫療資訊簡介、醫學資料處理、電子病歷、醫學資訊傳輸標準與分類代碼、醫療決策分析與智慧型系統，衛生資料交換第七層標準(HL7)，醫學數位影像傳輸標準(DICOM)，遠距醫療及醫療電子商務。,"The content of this course includes Introduction to Medical Informatics, Medical Data Process, Electronic Medical Records, Medical Image, Medical Coding and Classification systems, Medical Decision Support and Intelligent Systems, Health Level Seven (HL7)",0,4402Q641,440422,資四二B ,杜清敏
28,1131,曹健仲,221401715012B0,資訊管理系,1715,1,2,B0,體育-桌球1,PE-Table Tennis1,曹健仲,41,24,17,0,全18週,2,1,通識必修(通識),,5,"6,7","1. 第一階段志願選，僅由資四二A、資四二B互相跨班選課。
2. 第二階段加退選，開放全校二技一般生及四技二年級(含)以上一般生選課。
3. 上課地點請洽體育室，一學期至多修習2門必修體育。
4. 跨校。","利用循序漸進的教學方式，教導學生桌球的基本動作，
透過對桌球基本動作的熟練，進而提昇學生對桌球比賽的興趣、享受桌球運動的樂趣。
講授桌球運動的規則及比賽策略。強調運動員必須在規則範圍內做合法的競賽，透過桌
球運動來幫助學生守法、守分與合作的精神，並協助運動習慣的養成，期望學生能以桌
球運動作為終身運動。","The content of course is to instruct students’ Table Tennis skill by using 
step-by-step teaching method. Over the basic movement of the skilled is to 
enhance the students' interest in Table Tennis game and enjoyment the fun of 
Table Tennis. The rules and strategies of teaching Table Tennis to emphasize 
that athletes must be legitimate competition in the scope of the rules through 
the sport of Table Tennis to help students to obey the law, be law-abiding and 
cooperation spirit, Therefor, students are expected to develop the habit of 
exercise and to choice Table Tennis as a lifetime of activity.",442,4402F161,440422,資四二B ,442
29,1131,賴偉文,221400046012B1,資訊管理系,46,1,2,B1,經濟學,Economics,賴偉文,38,17,21,2,全18週,2,3,專業必修(系所),F405,3,"6,7","資四二限45名，其餘名額預留予重修生。
資四二AB混選，修課限制：本系四技一般生大二以上、外系四技一般生大二以上、本所（研究生下修，不計入畢業學分）",經濟學是從人類生活中歸納出來的經濟法則，其目的在增進每一個人的生活福祉，自然與人們生活息息相關。本課程將對經濟學中一些基本原則和供需原理加以解析，並配合部分日常生活事務的經濟分析，使修習者能夠了解經濟法則的基本原理，然後應用到日常生活當中；換言之，就是要利用經濟學的邏輯思想與觀念，依理行事來處理生活問題，這就是理性(rationality）。有了理性的生活規範與觀念，可以使個人行為、家庭生活以及社會秩序益趨合理、有效與和諧。,Economic science is the economic rules generated from human life and is naturally closely linked to people daily life because it was born to enhance the welfare of individual life. This course will analyze some fundamental rules and demand-supply theories.,1184,4402Q631,440BB1,資四二B1,1184
30,1131,林東正,221401523012B2,資訊管理系,1523,1,2,B2,R語言統計,Statistical Programming with R,林東正,45,33,12,2,全18週,2,3,專業必修(系所),F601,3,"6,7","資四二限45名，其餘名額預留予重修生。
資四二AB混選，修課限制：本系四技一般生大二以上、外系四技一般生大二以上、本所（研究生下修，不計入畢業學分）、程式設計課程",簡介R語言基本語法、並透過R語言進行敘述性統計分析、以及t檢定、變異數分析、迴歸分析、卡方檢定以及爬網等功能。,"The course will use R software as a tool to conduct the statistical analysis.  The course will introduce how to install R software, and using R to read the data set. This course will also demonstrate how to apply R to conduct statistical analyses which include t test, Chi- Square test, ANOVA, linear regression, and factor analysis. Student will be expecting to familiar the statistics skills to analysis the data.",740,4402Q611,440BB2,資四二B2,740
31,1131,郭振宗,2.21E+13,資訊管理系,74,1,3,30,健康政策與策略,Health policy management and strategy,郭振宗,14,9,5,2,全18週,2,7,專業選修(系所),G203,1,"9,10",修課限制：本系四技一般生大三以上、外系四技一般生大三以上、本所（研究生下修，不計入畢業學分）,本課程旨在系統性地介紹公共行政、政策分析，及策略管理等概念，並據以深入探討台灣健康政策。內容將從公共行政、政策分析，及策略管理的基本原理開始，進而探討我國衛生機關與衛生政策的演進與現況，並透過學生分組選擇台灣重要衛生政策議題深入研習，按週提出執行說明，由教師給予輔導，並於期末口頭報告及修正改寫為書面期末報告，期使學生了解衛生行政與政策推動的理論與實務。,The purpose of the lesson is to provide students with organized understanding on essential elements and principles of health policy and administration.,1108,4403Z651,440C30,資日四30,1108
32,1131,蔡維河,2.21E+13,資訊管理系,100,1,3,31,專案管理,Project management,蔡維河,30,17,13,3,全18週,3,7,專業選修(系所),F411,1,"2,3,4",修課限制：本系四技一般生大三以上、外系四技一般生大三以上、本所（研究生下修，不計入畢業學分）,本課程旨在系統性地介紹專案管理知識體系及在醫療服務產業的應用。內容將從專案管理的概念架構開始，引述相關基本原理，包括專案、專案管哩，及專案管理系統架構(包括專案起始、專案規劃、專案執行、專案控制)等，進而將探討前述概念與方法在醫療服務產業的應用。此外，配合課程內容及國際專案管理學會專案管理證照考試制度，輔導學生經由對專案管理知識體系的完整認知。專案專題實作，及模擬考試等措施協助學生在就學期間考取國際通行的專案管理IPMA D級證照，有效增強學生就業及問題解決的實務能力。,"The purpose of the lesson is to provide students with organized understanding on international body of knowledge in project management, and helping students complete certifying assessment of IPMA level D.",595,4403Z661,440C31,資日四31,595
33,1131,杜清敏,2.21E+13,資訊管理系,103,1,3,32,知識管理,Knowledge Management,杜清敏,45,29,16,3,全18週,3,7,專業選修(系所),F601,2,"2,3,4",修課限制：本系四技一般生大三以上、外系四技一般生大三以上、本所（研究生下修，不計入畢業學分）、程式設計課程,知識管理促進個人/組織的知識、know-how、專家技藝、智慧資本及其他形態的知識的創造、再利用與散布，能從企業的學習性組織及核心競爭力中創造與獲得較大的價值。 知識管理能點出個別企業的特定問題，例如，是要創造與配送創新產品或服務；或是管理與加強跟顧客、夥伴與供應商的關係；還是改善工作流程。知識管理對企業的主要意義是整合散布在各處的知識，並將之適當地運用。,"Knowledge Management (KM) refers to a range of practices and techniques used by individuals /organizations to identify, represent and distribute knowledge, know-how, expertise, intellectual capital and other forms of knowledge for creation, reuse and transfer of knowledge and e-learning across the organization.
Knowledge Management programs are typically claimed to be tied to specific organizational objectives and are intended to lead to the achievement of specific targeted results such as improved performance, competitive advantage, or higher levels of innovation.  The contents of this course include Part 1: Main Idea, Part 2:Management, Part 3: KM Flowcharts, Part 4:Information System, etc.",0,4403Z671,440C32,資日四32,杜清敏
34,1131,蘇博玄,2.21E+13,資訊管理系,236,1,3,33,資訊與法律,Information and Laws,蘇博玄,49,35,14,2,全18週,2,7,專業選修(系所),F409,2,"9,10",修課限制：本系四技一般生大二以上、外系四技一般生大二以上、本所（研究生下修，不計入畢業學分）,本課程主要介紹網路色情犯罪、網路謠言與名譽侵害、網路交友與社群、智慧財產權、資訊安全與駭客、隱私議題與RFID技術、個資法等，建立學生關於網路行為相關議題之法律觀念與常識。,"This course introduces the basic general concept about information and laws. By way of case studies, the students will understand both the theories and the practices. The course contents include: Internet sex crimes, Internet rumors and reputation violation, online dating and community, intellectual property, information security and hacker, privacy issue and RFID technology, and so on.",1232,4403Z681,440C33,資日四33,1232
35,1131,蔡坤孝,2.21E+13,資訊管理系,1199,1,3,34,進階網路程式設計,Advanced Network Programming,蔡坤孝,0,0,0,3,全18週,3,7,專業選修(系所),,1,"6,7,8",20240910關課。修課限制：本系四技一般生大三以上、外系四技一般生大三以上、本所（研究生下修，不計入畢業學分）、程式設計課程," HTML 與 PHP (複習)
 JavaScript 介紹
 CSS 與 XML 介紹
 jQuery 與 AJAX
 行動裝置上之網頁設計
 系統自動化
 實例演練","This course will introduce advanced network programming technology on the
PHP scripting language and MySQL database system. It begins with an installation of
Adobe Dreamwaver web development application, JavaScript language, CSS
Teacher’s academic code: 9996
language, XML language, jQuery and AJAX JavaScript libraries. We will then
proceed with three practical exercises. The purpose of the class is to let students gain
ability of commercial programming. Furthermore, we want to train students up for
their future jobs while they graduate.",9996,4403Z691,440C34,資日四34,9996
36,1131,陳宏亮,2.21E+13,資訊管理系,1262,1,3,35,SAS基礎資料處理,Manipulating Data Using SAS,陳宏亮,50,29,21,3,全18週,3,7,專業選修(系所),S103,3,"1,2,3",修課限制：本系四技一般生大三以上、外系四技一般生大三以上、本所（研究生下修，不計入畢業學分）、程式設計課程,SAS系列軟體是當今重要的資料分析工具，可以用在一般資料分析也可以用在Big Data資料分析。在SAS資料處理與分析架構上，我們必須先做好基礎資料處理，之後才能進行各類資料分析、資料採礦，本課程主要在教導學生了解SAS基礎資料處理程序、資料輸入、資料滙入、資料重整相關技術。,"The essential of this course is guiding students to be familiar with SAS basic programming skill. There are three major subjects in this course. First one is entering data and reading raw data into SAS data set. Second, manipulates data in SAS data set. The third is modifying and combining SAS data sets. Students are asked to manipulate and analysis several raw data sets in this course.",731,4403Z701,440C35,資日四35,731
37,1131,楊岳,2.21E+13,資訊管理系,1587,1,3,36,資訊科技創新應用管理,Innovative Application and Management of Information Technology,楊岳,34,19,15,3,全18週,3,7,專業選修(系所),F601,4,"5,6,7",修課限制：本系四技一般生大三以上、外系四技一般生大三以上、本所（研究生下修，不計入畢業學分）、跨域課程,"本課程以資訊科技之新發展為基礎，結合創新與創業管理的理論與實作模式，讓學生能在多元的討論環境中，發想創意與創新、尋找以資訊科技為基礎之創業機會，設計商業模式，最終產出營運計畫書。
本課程旨在讓學生學習到創新與創業管理的早期籌備階段，課程內容涵蓋創新與創業管理的六大主題，包括：創意與創新、資訊科技趨勢分析、營運模式、合作伙伴與顧客關係，及成本結構和獲利來源。
在本課程中，學生將透過數個團隊活動實際演練一個或多個創新與創業管理的方法與工具，藉以讓學生清楚瞭解創新與創業管理的概括全貌。","This course aims to help students:
1.	Ideate, evaluate, and plan for implementation of new ventures within the division or company—from developing a new IT product or market to introducing a new distribution channel or making a strategic pivot.
2.	Gain a set of comprehensive, actionable tools to evaluate an idea, develop a business model, create a business plan, and deliver a formal pitch to the senior executive team—taught in lectures, and by working on a hands-on project during the course.
3.	Learn key skills and frameworks to execute on innovation—finance, marketing, design thinking, strategy, value chain, leadership, team dynamics, and culture",253,4403Z711,440C36,資日四36,253
38,1131,連中岳,221400132013A0,資訊管理系,132,1,3,A0,系統分析與設計,System Analysis and Design,連中岳,41,27,14,3,全18週,3,3,專業必修(系所),S103,5,"5,6,7",修課限制：本系四技一般生大三以上、外系四技一般生大三以上、本所（研究生下修，不計入畢業學分）、程式設計課程,修習本課程，同學將瞭解資訊系統開發方法。傳統之結構化分析與設計系統發展方法將先行介紹，另物件導向式系統分析與設計方法為另一主要主題。,"In this course, the students will learn how to implement a complete information system. The traditional SASD (structure analysis and design) methodology first introduced. The most important topic is the Object-oriented system analysis and design methodolo",402,4403Q381,440431,資四三A ,402
39,1131,林劍秋,221400058013A0,資訊管理系,58,1,3,A0,研究概論,Introduction to Research Methodology,林劍秋,43,28,15,3,全18週,3,3,專業必修(系所),S103,5,"8,9,10",修課限制：本系四技一般生大三以上、外系四技一般生大三以上、本所（研究生下修，不計入畢業學分）、程式設計課程,本課程旨在提供學生基本的研究知識與技能。學生除了對實務情境產生質疑，並藉由討論、批判、觀摩等活動，提升團隊合作、問題解決和批判性思考等能力。課程內容包括研究與專業發展間的關係、研究基本概念、研究步驟、研究計畫的撰寫和研究文獻的批判。,"This course is designed to accomplish four objectives. The course will begin with issues in scientific thinking, model building, and ethical implications. Second, it will familiarize students with major procedures in research design, such as the formation of research questions, literature review, conceptualization and operationalization of research questions, research design, questionnaire design, and sampling procedures. Third, the course will examine alternate methods in data collection and analysis with special emphasis on the evaluation of data quality such as reliability and validity. Finally, students will be divided into different research groups; each group will conduct an empirical research project.",1152,4403Q391,440431,資四三A ,1152
40,1131,梁昭玉,221400030013A0,資訊管理系,30,1,3,A0,當代藝術導論,Introduction to Contemporary Art,梁昭玉,44,28,16,2,全18週,2,1,通識必修(通識),F302,3,"6,7","1.第二階段開放修習「當代藝術導論」課程之學生及重修生互相跨班選課。
2.全部網路選課，無紙本加選。
3.因轉學轉系或修習雙聯學位同學如欲提早修課，經中心同意後，請於第三階段開放其選課，名單會於第二階段選課結束後送交教務處。",本課程以現代性的概念，貫連二十世紀至當前的藝術潮流發展，探討當代藝術的幾個重要流派、特性與不同面向，呈現藝術發展的獨特性與創造性。培養藝術涵養及建立個人對審美的主體觀，並瞭解當前社會藝術文化脈動，對當代的文化思潮有其見地，以開展學生發展自我潛能，並將藝術融入生活，提升生命境界。,"This course employs the concept of modernity as a framework to establish connections between the evolution of artistic trends from the 20th century to the present day. The course delves into various significant genres, characteristics, and different aspects of contemporary art, thereby highlighting the distinctiveness and creativity of artistic development. The objective of this course is to cultivate artistic appreciation, establish personal aesthetic perspectives and comprehend the prevailing social and cultural trends in art. The course further aims to enhance students' capacity for self-growth, integrate art into their daily lives, and elevate their overall living experience.",788,4403F281,440431,資四三A ,788
41,1131,陳亮均,221400062013A0,資訊管理系,62,1,3,A0,資訊網路概論,Introduction to Computer Network,陳亮均,44,29,15,3,全18週,3,3,專業必修(系所),S103,2,"6,7,8",修課限制：本系四技一般生大三以上、外系四技一般生大三以上、本所（研究生下修，不計入畢業學分）、程式設計課程,本課程主要介紹區域網路之基本觀念、通訊協定、運作架構，引導學生建構高效能之區域通訊網路。實際對網路設備進行規劃及設定，藉以了解網路的運作原理。本課程內容將使學生具有網路認證的基礎知識。,"This course introduces the basic concepts, protocols, and structures of a local area network. The students can expect to gain the knowledge needed to select, connect, and configure network devices, such as Switch and Router. The course also helps the stud",1219,4403Q371,440431,資四三A ,1219
42,1131,曹健仲,221401714013A0,資訊管理系,1714,1,3,A0,體育-羽球3,PE-Badminton3,曹健仲,50,29,21,0,全18週,2,1,通識必修(通識),,3,"8,9","1.第一階段志願選，僅由資四三A、資四三B、運四三A、運四三B互相跨班選課。 
2.第二階段加退選，開放全校二技一般生及四技二年級(含)以上一般生選課。 
3.上課地點請洽體育室，一學期至多修習2門必修體育。 
4.跨校。 ","本課程透過對羽球雙打常用技術及比賽概念的介紹，引
導學生體驗羽球雙打比賽的奧妙。授課內容包括發球、網邊球、挑球、切球、平擊球、
高遠球、殺球、球路組合、雙打站位、比賽規則與戰術介紹及實際比賽體驗。","This program leads students to experience the secret of badminton doubles 
through the introduction of the common skills and game concept of badminton 
doubles. Course content includes service, drop shot, lobs, cut, drive, clear, 
smashes, technique combination, doubles standing position, game rules, 
tactic introduction and actual experience of games.",442,4403F261,440431,資四三A ,442
43,1131,連中岳,221400132013B0,資訊管理系,132,1,3,B0,系統分析與設計,System Analysis and Design,連中岳,35,22,13,3,全18週,3,3,專業必修(系所),S103,5,"2,3,4",修課限制：本系四技一般生大三以上、外系四技一般生大三以上、本所（研究生下修，不計入畢業學分）、程式設計課程,修習本課程，同學將瞭解資訊系統開發方法。傳統之結構化分析與設計系統發展方法將先行介紹，另物件導向式系統分析與設計方法為另一主要主題。,"In this course, the students will learn how to implement a complete information system. The traditional SASD (structure analysis and design) methodology first introduced. The most important topic is the Object-oriented system analysis and design methodolo",402,4403Q381,440432,資四三Ｂ,402
44,1131,徐建業,221400058013B0,資訊管理系,58,1,3,B0,研究概論,Introduction to Research Methodology,徐建業,36,22,14,3,全18週,3,3,專業必修(系所),F602,2,"5,6,7",修課限制：本系四技一般生大三以上、外系四技一般生大三以上、本所（研究生下修，不計入畢業學分）,本課程旨在提供學生基本的研究知識與技能。學生除了對實務情境產生質疑，並藉由討論、批判、觀摩等活動，提升團隊合作、問題解決和批判性思考等能力。課程內容包括研究與專業發展間的關係、研究基本概念、研究步驟、研究計畫的撰寫和研究文獻的批判。,"This course is designed to accomplish four objectives. The course will begin with issues in scientific thinking, model building, and ethical implications. Second, it will familiarize students with major procedures in research design, such as the formation of research questions, literature review, conceptualization and operationalization of research questions, research design, questionnaire design, and sampling procedures. Third, the course will examine alternate methods in data collection and analysis with special emphasis on the evaluation of data quality such as reliability and validity. Finally, students will be divided into different research groups; each group will conduct an empirical research project.",1609,4403Q391,440432,資四三Ｂ,1609
45,1131,彭庭軒,221400030013B0,資訊管理系,30,1,3,B0,當代藝術導論,Introduction to Contemporary Art,彭庭軒,34,21,13,2,全18週,2,1,通識必修(通識),F407,3,"6,7","1.第二階段開放修習「當代藝術導論」課程之學生及重修生互相跨班選課。
2.全部網路選課，無紙本加選。
3.因轉學轉系或修習雙聯學位同學如欲提早修課，經中心同意後，請於第三階段開放其選課，名單會於第二階段選課結束後送交教務處。",本課程以現代性的概念，貫連二十世紀至當前的藝術潮流發展，探討當代藝術的幾個重要流派、特性與不同面向，呈現藝術發展的獨特性與創造性。培養藝術涵養及建立個人對審美的主體觀，並瞭解當前社會藝術文化脈動，對當代的文化思潮有其見地，以開展學生發展自我潛能，並將藝術融入生活，提升生命境界。,"This course employs the concept of modernity as a framework to establish connections between the evolution of artistic trends from the 20th century to the present day. The course delves into various significant genres, characteristics, and different aspects of contemporary art, thereby highlighting the distinctiveness and creativity of artistic development. The objective of this course is to cultivate artistic appreciation, establish personal aesthetic perspectives and comprehend the prevailing social and cultural trends in art. The course further aims to enhance students' capacity for self-growth, integrate art into their daily lives, and elevate their overall living experience.",1179,4403F281,440432,資四三Ｂ,1179
46,1131,陳亮均,221400062013B0,資訊管理系,62,1,3,B0,資訊網路概論,Introduction to Computer Network,陳亮均,34,21,13,3,全18週,3,3,專業必修(系所),F601,4,"8,9,10",修課限制：本系四技一般生大三以上、外系四技一般生大三以上、本所（研究生下修，不計入畢業學分）、程式設計課程,本課程主要介紹區域網路之基本觀念、通訊協定、運作架構，引導學生建構高效能之區域通訊網路。實際對網路設備進行規劃及設定，藉以了解網路的運作原理。本課程內容將使學生具有網路認證的基礎知識。,"This course introduces the basic concepts, protocols, and structures of a local area network. The students can expect to gain the knowledge needed to select, connect, and configure network devices, such as Switch and Router. The course also helps the stud",1219,4403Q371,440432,資四三Ｂ,1219
47,1131,張寧,221401742013B0,資訊管理系,1742,1,3,B0,體育-飛盤,PE- Frisbee,張寧,58,26,32,0,全18週,2,1,通識必修(通識),,3,"8,9","1.第一階段志願選，僅由資四三A、資四三B、運四三A、運四三B互相跨班選課。 
2.第二階段加退選，開放全校二技一般生及四技二年級(含)以上一般生選課。 
3.上課地點請洽體育室，一學期至多修習2門必修體育。 
4.跨校。 ","利用循序漸進的教學方式，教導學生飛盤的基本動作，
透過對飛盤基本動作的熟練，進而提昇學生對飛盤比賽的興趣、享受飛盤運動的
樂趣。講授飛盤運動的規則及比賽策略。強調運動員必須在規則範圍內做合法的
競賽，透過飛盤運動來幫助學生守法、守分與合作的精神，並協助運動習慣的養
成，期望學生能以飛盤運動作為終身運動。","The content of course is to instruct students’ Frisbee skill by using step-by-step 
teaching method. Over the basic movement of the skilled is to enhance the 
students' interest in Frisbee game and enjoyment the fun of Frisbee. The rules 
and strategies of teaching Frisbee to emphasize that athletes must be 
legitimate competition in the scope of the rules through the sport of Frisbee to 
help students to obey the law, be law-abiding and cooperation spirit, Therefor, 
students are expected to develop the habit of exercise and to choice Frisbee as 
a lifetime of activity.",8397,4403F271,440432,資四三Ｂ,8397
48,1131,黃遵誠,2.21E+13,資訊管理系,87,1,4,40,健康照護人力資源管理學,Healthcare Human Resource Management,黃遵誠,32,28,4,3,全18週,3,7,專業選修(系所),G204,1,"8,9,10",修課限制：本系四技一般生大二以上、外系四技一般生大二以上、本所（研究生下修，不計入畢業學分）,本課程旨在協助具有健康照護管理學基礎之學生，進一步獲得有關健康照護人力資源之評估、取得、應用、提升及創新的知識與技能，及其在臨床實務之應用。授課內容包括人力資源管理之導論、策略性人力資源管理、相關法令、工作分析與設計、人力規劃、招募與甄選、訓練與發展、績效管理、員工留任、薪資與福利、勞工安全、勞資關係、紀律管理等。,"The purpose of this course is to assist those students who have basic knowledge in health care management to acquire information about healthcare human resource management. The course content include followings: healthcare human resourse assessment, plann",9915,4404Z871,440D40,資日四40,9915
49,1131,黃純文,2.21E+13,資訊管理系,120,1,4,41,醫院電腦化實務與應用,Hospital computerized practice and application,黃純文,24,20,4,2,全18週,2,7,專業選修(系所),G204,3,"6,7",修課限制：本系四技一般生大四、外系四技一般生大四、本所（研究生下修，不計入畢業學分）,本課程旨在講授醫護電腦應用實務的現況與展望。課程的編排精神是以醫學資訊學（Medical informatics）在醫院的實際應用為主。含括範圍包括電子化醫療照護（eHealth Care）、電子病歷、遠距醫療、以及網際網路之應用。,"This course introduces the development process of hospital computerization and computerized status of Taiwan hospitals. Through group discussions and read articles, combining medical and technology and publish the results of study finally.",9080,4404Z881,440D41,資日四41,9080
50,1131,陳亮均,2.21E+13,資訊管理系,204,1,4,42,健康照護管理實習,Internship of Health Care Management,"陳亮均,黃純文,洪素英",6,4,2,4,全18週,8,7,專業選修(系所),,6,1,"開學第1週前至系辦申請，經實習機構與資管系共同甄選後，採人工方式選課。
修課限制：實習課程、本系四技一般生大四、本所（研究生下修，不計入畢業學分）、維持十八週課程（未採16+2模式）",本課程旨在使學生瞭解健康照護相關機構實際的運作與管理。學生在實習機構的資訊及其他部門實習，以瞭解實習機構的業務運作與管理，並透過醫院工作體驗報告之撰寫，將在學校修習相關課程之理論及知識應用於實習中，以達到學以致用的目的。,This course is designed to provide students with a hospital management internship training. Students are required to stay in a hospital for three weeks to learn the real world operations of the hospital. The internship training will enable students to make use of textbook knowledge in real world hospital operations.,1219,4404Z891,440D42,資日四42,"121,990,809,104"
51,1131,陳亮均,2.21E+13,資訊管理系,1197,1,4,43,資訊管理實習,Practice of Information Management,陳亮均,5,1,4,4,全18週,16,7,專業選修(系所),,6,2,"開學第1週前至系辦申請，經甄選後，採人工方式選課。
修課限制：實習課程、本系四技一般生大三以上、本所（研究生下修，不計入畢業學分）、程式設計課程、維持十八週課程（未採16+2模式）","(1) 讓學生認識環境並建立正確職場觀念與工作倫理。
(2) 運用企業社會資源，讓學生進行實習，拓展學生在專業實務方面之知識與經驗；
(3) 實習指導老師提供相關諮詢與輔導。
(4) 評估實習之學習成效。","(1) Let students be familiar with working environment and cultivate correct concepts and work ethic. 
(2) School utilizes social resources to have students expand their knowledge and experience in the areas of professional practice; 
(3) Instructors provide consulting and counseling. 
(4) Instructors assess students’ learning outcomes.",1219,4404Z901,440D43,資日四43,1219
52,1131,陳亮均,2.21E+13,資訊管理系,1198,1,4,44,企業實習,Enterprise Practicum,陳亮均,1,1,0,9,第1~14週,32,7,專業選修(系所),,6,3,"開學第1週前至系辦申請，經甄選後，採人工方式選課。
修課限制：實習課程、本系四技一般生大四、本所（研究生下修，不計入畢業學分）、程式設計課程、維持十八週課程（未採16+2模式）","(1) 讓學生認識環境並建立正確職場觀念與工作倫理。
(2) 運用企業社會資源，讓學生進行實習，拓展學生在專業實務方面之知識與經驗；
(3) 實習指導老師提供相關諮詢與輔導。
(4) 評估實習之學習成效。","(1) Let students be familiar with working environment and cultivate correct concepts and work ethic. 
(2) School utilizes social resources to have students expand their knowledge and experience in the areas of professional practice; 
(3) Instructors provide consulting and counseling. 
(4) Instructors assess students’ learning outcomes.",1219,4404Z911,440D44,資日四44,1219
53,1131,陳彥宏,2.21E+13,資訊管理系,1470,1,4,45,C#.NET程式開發與應用,C# .NET Program Development and Application,陳彥宏,0,0,0,3,全18週,3,7,專業選修(系所),,3,"2,3,4",20240913關課。第一堂上課為09/12於S105，待行政流程完成後一律於週四09:10-12:00、S105上課，異動完成前本課程只退不加。修課限制：本系四技一般生、外系四技一般生、本所（研究生下修，不計入畢業學分）、程式設計課程,"本課程為一學期 C#.NET 應用程式設計課程，以微軟.NET 平台 Visual Studio 2015 開發工
具為程式開發基礎，課程內容將詳盡說明 C#語言的語法結構及流程控制能力同時加強
多工處理程式之撰寫技巧及物件設計之能力。對於使用者圖形化介面則透過 WPF 技術
之整合使程式邏輯與資料分開管理、而對資料庫之應用則加強存取串聯、整合等為課程
教學重點，得以使學生具備就業市場中所需.NET 環境資訊系統開發能力。","One semester C # .NET application design courses, under the Microsoft .NET platform by using
Visual Studio 2015 development tools to develop program. At the mean time the speaker will
detailed description of the course content grammatical structure and process control capabilities
of C # language and strengthen the multi-processing program writing skills and ability to design of
objects. For the graphical user interface makes the WPF technology through the integration of
programmable logic and data managed separately, and for the strengthening of the database
application, to equip students with the job market in the required .NET environmental
information system development capabilities.",279,4404Z921,440D45,資日四45,279
54,1131,徐建業,2.21E+13,資訊管理系,1566,1,4,46,巨量資料分析工具與應用,Tools and Applications on Big Data Analysis,徐建業,38,25,13,3,全18週,3,7,專業選修(系所),S103,4,"6,7,8",修課限制：本系四技一般生大四、外系四技一般生大四、本所（研究生下修，不計入畢業學分）、跨域課程、程式設計課程,"隨著資訊科技進步，現今資料累積的速度遠遠超過所能處理的速度。無論科學研究或是各種企業應用領域，許多單位都以資料分析做為組織未來的重要發展方向。R和 Python是開放源碼軟體，為資料分析使用的工具相當適合。期望提供學生一個良好的大數據軟體學習路徑，幫助初學者運用軟體，學習資料探勘工作與視覺化應用。
課程內容從軟體基本概念與資料整理入手，介紹與健康及醫療相關之巨量資料的基本知識與方法，資料的理解與統計等基本觀念的建立，介紹資料挖礦與大數據分析的理論方法與應用，並進行實機演練程式設計，進而提升學生大數據分析和數位決策能力。","With the advancement of information technology, data now accumulated much faster than that we can handle. In science or a variety of enterprise organizations, data analysis has become an important direction for decision making. R and Python are open source software, and is suitable to be used as analysis tools. In this course, we expect to provide students with a good learning path for software used on helping beginners to learn data visualization and data mining. Course contains the basic concepts of software and data compilation, the basic knowledge and methods of health and medical information, the basic concepts of statistics, the theory and method of data mining and analysis, and hands-on programming exercises. Students abilities of the big data analytics and digital decision-making will be enhanced.",1609,4404Z931,440D46,資日四46,1609
55,1131,洪素英,2.21E+13,資訊管理系,1628,1,4,47,醫療機構管理實務,Management and Practice of Health care Institutions,洪素英,31,21,10,2,全18週,2,7,專業選修(系所),G204,1,"6,7",修課限制：本系四技一般生大四、外系四技一般生大四、本所（研究生下修，不計入畢業學分）,本課程旨在協助學生將過去所學如何運用於健康照護機構實際管理。課程內容以健康照護機構所面臨問題及實務演練為主，範圍從健康照護管理的簡介開始，再依循管理的過程分別介紹健康照護機構管理有關的主題如健康照護體系面臨經營環境、健康照護管理發展策略規劃、組織運作、績效管理與激勵、人力資源管理、品質管理、財務管理、風險管理及危機應變等之實務層面，期學生能藉此課程，對健康照護管理有更深入地認識，以激發自己在醫院管理方面之興趣。,"This course aims to enhance students' practice ability of health care management.  Focusing on health care system and the problems faced by health care institutions, discusses how to resolve and manage including theory and practice of health care management. Introduces key topics and concepts related to the management of health care institutions such as health care system, case studies in strategy management and decision making, managing health care organizations,  administrative management responsibilities of health care environments, quality assurance management methods, human resources management, approaches to performance improvement financial management, risk or crisis management and response. Particular emphasis is placed on integrating analytic skills and conflict resolution methods into the practice of health care management. A portion of the class is devoted to simulation exercise in which general concepts and methods are demonstrated and practiced.  By the end of the course, it is expected that students will more understand and be inspired interest in hospital management.",9104,4404Z941,440D47,資日四47,9104
56,1131,陳紹韻,221400031014A0,資訊管理系,31,1,4,A0,哲學與人生,Philosophy and Life,陳紹韻,22,13,9,2,全18週,2,1,通識必修(通識),F408,5,"1,2","1.第二階段開放修習「哲學與人生/邏輯概論」課程之學生及重修生互相跨班選課。
2.全部網路選課，無紙本加選。
3.因轉學轉系或修習雙聯學位同學如欲提早修課，經中心同意後，請於第三階段開放其選課，名單會於第二階段選課結束後送交教務處。",「哲學與人生」是對「人的生命」所作的「哲學反省」。人，作為自然的、社會的、歷史的存在，在他所生活的世界中，面臨著繁複多樣、瞬息萬變的問題：處境、命運、愛情、知識、道德、藝術、宗教、臨終與死亡……其中有些問題事實上已經深深困擾著我們，另外一些則伺機突襲，在我們還來不及準備的時候，就被迫面對。生命的意義究竟是什麼？本課程嘗試以深入淺出的討論，藉由過去、當代人物的所感、所思，促進學習者進一步反省自我生命之種種。,"Philosophy and Life is as a philosophical reflective thinking for the life.
Human beings, as natural, social and historical beings, face a great many complex varied and fast changing problems in the life-world, for example, love, destiny, knowledge, morality, art, religion, dying, and moreover the death so on.... Actually some of them have deeply perplexed us, while others watch for their chances to attack there would leave no time for covering our ears and we are merely compelled to confront with them. After all, what does Life mean?
Whereas this course tries to take up by the way a kind of discussion in explaining the profound in simple terms, and in making use of whatever in history, or the present age somebody's feeling and thinking, in order to promote the students to question themselves more about, and reflect further on all sorts of life-self.",9976,4404F131,440441,資四四A ,9976
57,1131,陳亮均,221400142014A0,資訊管理系,142,1,4,A0,電子商務,E-Commerce,陳亮均,31,20,11,3,全18週,3,3,專業必修(系所),F601,3,"3,4,5",修課限制：本系四技一般生大四、外系四技一般生大四、本所（研究生下修，不計入畢業學分）,隨著網際網路及資訊技術的不斷進步，流通業者在科技工具的運用上就愈發成熟與專業，如此除了能提昇企業經營效益外，最重要的是能分析消費者需求，進而提供消費者更好的產品及服務。課程主要為教導學生瞭解現行電子商務的範疇及導入的模式，從電子商務架構概論、開創市場機會、經營模式、市場行銷等單元介紹，進而切入企業電子化角度介紹企業資源於電子商務之應用，同時以實例探討，期望學生能清楚地瞭解電子商務的發展、技術與策略，並激發其對該領域的實作、研究及分析評估能力。,"The digital economy, also known as the Internet economy, is an economy based on online transactions, mostly e-commerce. It includes digital wireline or wireless communication networks (e.g., the Internet, intranets, extranets, and VANs), computers, software, and other related information technologies.
In our course, we will lead to understand the phenomena, both technological, economic and social, behind these rapid changes, and how organizations successfully conduct Internet-based activities. This course provides an overview of e-commerce from both technological and managerial perspectives. It introduces e-commerce frameworks, and technological foundations; and examine basic concepts such as strategic formulation for e-commerce enterprises, management of their capital structures and public policy. This course is designed to familiarize students with current and emerging electronic commerce technologies using the Internet. Topics include Internet technology for business advantage, managing electronic commerce funds transfer, reinventing the future of business through electronic commerce, business opportunities in electronic commerce, electronic commerce Web site design, social, political and ethical issues associated with e-commerce, and business plans for technology ventures.",1219,4404Q221,440441,資四四A ,1219
58,1131,陳彥宏,221400090014A0,資訊管理系,90,1,4,A0,實務專題(二),Practical Project II,"林良憲,林東正,徐建業,連中岳,陳彥宏,洪論評,陳亮均,吳承翰",78,50,28,3,全18週,3,3,專業必修(系所),,6,4,修課限制：專題製作、本系四技一般生大四、本所（研究生下修，不計入畢業學分）、程式設計課程,針對資訊管理主題上提出創新觀念，或對某主題存在的問題提出解決方案，在效能上提出改進具體建議之研究並加以驗證。,"This course applies theories and practices of services marketing on the subject of health care marketing. In addition to the concepts of consumer behavior, service product positioning, and market segmentation, the 4Ps (i.e., Products, Place, Promotion, an",279,4404Q211,440441,資四四A ,"7,990,740,160,904,020,000,000,000,000,000"
59,1131,范俊銘,221400031014B0,資訊管理系,31,1,4,B0,哲學與人生,Philosophy and Life,范俊銘,46,26,20,2,全18週,2,1,通識必修(通識),G201,5,"3,4","1.第二階段開放修習「哲學與人生/邏輯概論」課程之學生及重修生互相跨班選課。
2.全部網路選課，無紙本加選。
3.因轉學轉系或修習雙聯學位同學如欲提早修課，經中心同意後，請於第三階段開放其選課，名單會於第二階段選課結束後送交教務處。",「哲學與人生」是對「人的生命」所作的「哲學反省」。人，作為自然的、社會的、歷史的存在，在他所生活的世界中，面臨著繁複多樣、瞬息萬變的問題：處境、命運、愛情、知識、道德、藝術、宗教、臨終與死亡……其中有些問題事實上已經深深困擾著我們，另外一些則伺機突襲，在我們還來不及準備的時候，就被迫面對。生命的意義究竟是什麼？本課程嘗試以深入淺出的討論，藉由過去、當代人物的所感、所思，促進學習者進一步反省自我生命之種種。,"Philosophy and Life is as a philosophical reflective thinking for the life.
Human beings, as natural, social and historical beings, face a great many complex varied and fast changing problems in the life-world, for example, love, destiny, knowledge, morality, art, religion, dying, and moreover the death so on.... Actually some of them have deeply perplexed us, while others watch for their chances to attack there would leave no time for covering our ears and we are merely compelled to confront with them. After all, what does Life mean?
Whereas this course tries to take up by the way a kind of discussion in explaining the profound in simple terms, and in making use of whatever in history, or the present age somebody's feeling and thinking, in order to promote the students to question themselves more about, and reflect further on all sorts of life-self.",985,4404F131,440442,資四四Ｂ,985
60,1131,陳亮均,221400142014B0,資訊管理系,142,1,4,B0,電子商務,E-Commerce,陳亮均,47,31,16,3,全18週,3,3,專業必修(系所),S103,1,"3,4,5",修課限制：本系四技一般生大四、外系四技一般生大四、本所（研究生下修，不計入畢業學分）,隨著網際網路及資訊技術的不斷進步，流通業者在科技工具的運用上就愈發成熟與專業，如此除了能提昇企業經營效益外，最重要的是能分析消費者需求，進而提供消費者更好的產品及服務。課程主要為教導學生瞭解現行電子商務的範疇及導入的模式，從電子商務架構概論、開創市場機會、經營模式、市場行銷等單元介紹，進而切入企業電子化角度介紹企業資源於電子商務之應用，同時以實例探討，期望學生能清楚地瞭解電子商務的發展、技術與策略，並激發其對該領域的實作、研究及分析評估能力。,"The digital economy, also known as the Internet economy, is an economy based on online transactions, mostly e-commerce. It includes digital wireline or wireless communication networks (e.g., the Internet, intranets, extranets, and VANs), computers, software, and other related information technologies.
In our course, we will lead to understand the phenomena, both technological, economic and social, behind these rapid changes, and how organizations successfully conduct Internet-based activities. This course provides an overview of e-commerce from both technological and managerial perspectives. It introduces e-commerce frameworks, and technological foundations; and examine basic concepts such as strategic formulation for e-commerce enterprises, management of their capital structures and public policy. This course is designed to familiarize students with current and emerging electronic commerce technologies using the Internet. Topics include Internet technology for business advantage, managing electronic commerce funds transfer, reinventing the future of business through electronic commerce, business opportunities in electronic commerce, electronic commerce Web site design, social, political and ethical issues associated with e-commerce, and business plans for technology ventures.",1219,4404Q221,440442,資四四Ｂ,1219
61,1132,陳裔專,221400118011A0,資訊管理系,118,1,1,A0,多媒體製作與應用,Production and Application of multimedia,陳裔專,45,28,17,2,全18週,2,3,專業必修(系所),S105,3,"6,7",修課限制：本系四技一般生、外系四技一般生、本所（研究生下修，不計入畢業學分）,本課程旨在學習超媒體(hypermedia) 的素材製作，包含文案(text)、圖像(image)、語音(audio)、視訊(video)；並教導學生利用各種素材製作、文案編輯、圖像處理、語音合成及視訊剪輯，進而編撰成影音光碟VCD、SVCD、DVD與網路串流。,"The course provides material source of hypermedia with computer software that includes text clips, image clips, audio clips, and video clips. The learner will integrate these clips to produce VCD, SVCD, DVD medium and steams in the web sites.",249,4401Q652,440411,資四一A ,249
62,1132,林東正,221400033011A0,資訊管理系,33,1,1,A0,服務學習,Service Learning,林東正,41,26,15,0,全18週,1,3,專業必修(系所),F405,2,5,修課限制：本系四技一般生,本課程設計旨在協助學生培養服務的精神，藉由至服務機構提供服務，落實課堂所學之服務知識與理念，並進而從服務中學習、瞭解服務於社區之重要性與體驗服務之意義，培養正向的服務態度，以期自我省思、瞭解自我進而促進自我成長與肯定生命價值。,"This course is provided to introduce the basic concepts of volunteer, and help the students with fundamental understanding in non-profit organization (NPO). The class will be guided by different instructions of lecture, group discussion, homework and test",740,4401Q622,440411,資四一A ,740
63,1132,吳承翰,221401621011A0,資訊管理系,1621,1,1,A0,健康科技導論,Introduction to Health Technology,"吳承翰,林俐吟,陳巧珊,黃三翁,翁仕彥,張博雅",52,22,30,2,全18週,2,3,專業必修(系所),G105,1,"6,7",修課限制：健科學院四技一般生。健科學院四技一年級生不開放換班，如有特殊加退選需求請洽健科學院。,本課程先介紹有關休閒產業、健康事業、健康科技照護以及語言治療與聽力障礙的發展趨勢，並了解目前各領域科技應用的現況及跨領域之可能性，內容包括保健旅遊之跨域整合、管理方法應用、資訊科技與長照領域之結合，以及聽語治療的應用等。藉由各領域發展趨勢的了解，進一步透過企劃案構思，讓學生能充分了解跨領域應用的精隨。,"This course introduces the development trends of leisure and health industry, healthcare technology, and speech language pathology and audiology. The course also briefs the current state of technology applications, and identifies the possibility of cross-domain integration that includes the domains on health tourism, management, information technology, the long-term care, and speech language pathology and audiology. Based on the understanding of cross-domain background, students can propose business plan to fulfill the requirement of cross-domain applications on healthcare domain.",1197,4401Q672,440411,資四一A ,"119,705,401,193,122,000,000,000"
64,1132,何澍,221400001011A0,資訊管理系,1,1,1,A0,國文二,Chinese Literature ∥,何澍,51,20,31,2,全18週,2,1,通識必修(通識),F410,1,"3,4",1.第二階段加退選僅由人康、健科學院四技生一年級生互相跨班選課及人康、健科學院重修生選課。2.第三階段加退選開放系外及重修生選課。3.主題:文學與改編,本課程就文言文（50％文言文－諸子散文、詩詞韻文）與白話文（50％白話文－現代散文、現代小說）兩方面，編選古典文學名篇及現代經典文本。內容安排除兼顧古典與現代的文學價值外，亦涵蓋文學的通俗性與藝術性。,"This course is based on two textbooks, compiled with famous classical and modern literature each. Apart from valuable literature sources and the balance between classical and modern materials, its contents also include the popularity and artistic quality of each.",105,4401F512,440411,資四一A ,105
65,1132,林東正,221400047011A0,資訊管理系,47,1,1,A0,統計學,Statistics,林東正,44,27,17,2,全18週,2,3,專業必修(系所),F405,2,"3,4",修課限制：本系四技一般生、外系四技一般生、本所（研究生下修，不計入畢業學分）,先介紹敘述性統計之資料性質、資料整理等基本觀念後，再就推論統計部分之假設檢定、變異數分析、回歸與相關及卡方檢定等進行深入探討。,"The course first will quickly introduce the Descriptive statistics which include data type, data measurement, and statistic. The focus of this course is inferential statistics- including hypothesis testing, ANOVA, correlation and linear regression, and Ch",740,4401Q632,440411,資四一A ,740
66,1132,徐建業,221401200011A0,資訊管理系,1200,1,1,A0,程式設計案例與應用,Introduction to JAVA Programming,徐建業,46,26,20,3,全18週,3,3,專業必修(系所),F602,1,"8,9,10",修課限制：本系四技一般生、外系四技一般生、本所（研究生下修，不計入畢業學分）、程式設計課程,本課程為JAVA程式語言入門課程，主要教學內容包含JAVA指令的語法，I/O的處理、程式邏輯運算、程式流程控制、陣列字串處理、JAVA套件等。另一方面，針對基本物件導向的程式設計，例如繼承、過載、多形等，亦會加以簡單講解並讓學生演練。,"Object-oriented programming is an important and basic IT skills, the purpose of this course is to teach students have the basic ability to establish a JAVA application and give students the concepts and the benefits of object-oriented programming include the characteristics Inheritance, Overload and Polymorphism. Topics covered include the Java programming language syntax, input and output functions, Array and strings, math functions, collection classes. Students will develop and test Java applications (typically) using Eclipse.",1609,4401Q662,440411,資四一A ,1609
67,1132,陳亮均,221400060011A0,資訊管理系,60,1,1,A0,資訊管理概論,Information Management Concept,陳亮均,60,41,19,3,全18週,3,3,專業必修(系所),B210,3,"2,3,4",修課限制：本系四技一般生、外系四技一般生、本所（研究生下修，不計入畢業學分）,讓學生研習本課程後能對資訊科技與管理有更深入的瞭解，也希望藉由課程的教授能讓同學對資訊科技及管理的策略使用及最先進的企業資訊科技管理與應用有所體認。,"The main objective of this course is to assist students establish a concept of Management Information Systems, the course will introduce new knowledge of Management Information Systems in digital company, students will learn the role of information system",1219,4401Q642,440411,資四一A ,1219
68,1132,陳建和,221400021011A0,資訊管理系,21,1,1,A0,環境教育,Environmental Education,陳建和,47,29,18,2,全18週,2,1,通識必修(通識),G105,4,"6,7",1.第二階段加退選，開放修習「環境教育」課程之學生及重修生互相跨班選課。2. 全部網路選課，無紙本加選。3.因轉學轉系或修習雙聯學位同學如欲提早修課，經中心同意後，請於第三階段開放其選課，名單會於第二階段選課結束後送交教務處。,"本課程旨在闡述環境永續發展的意義與重要性，教學內涵希望提昇學生永續發展的覺知，增加永續發展的概念知識，培養正確的永續發展態度與價值觀，並發展永續發展的行動技能與行動經驗。課程強調在環境中進行教育，學習有關環境的知識、態度、技能，並且為實踐永續環境而準備。環境教育包含六個核心的學習要素：自然資源保育概念、環境管理概念的融入；生態原理、互動與互賴概念的融入；以及融入環境倫理與永續性的概念等。
    課程內容涵蓋環境概論、環境倫理、環境教育法規、環境變遷與防災、節能減碳與能源管理、與永續發展與生態保育等主題內容。教學策略運用：做中學、在真實的情境中體驗、合作學習法、運用感官學習、探索環境議題等項目。教學方法採取課堂講解、分組討論、專題討論、現地參訪等方式進行，並以多媒體教材教學。期望藉由環境議題的認識與討論，深入環境的內涵；透過對於環境問題的觀察與思考，了解環境永續的本質及善盡環境保護的義務。環境教育是一種教育的過程，在過程中個人認識他們的環境，以及組成環境的生物、物理和文化間的交互作用，得到知識、技能和價值觀，並能個別或集體地了解並解決現在和將來的環境問題。","Environmental education is designed to explain the meaning and importance of environment and sustainable development. It refers to organized efforts to teach how natural environments function, and particularly, how human beings can manage behavior and ecosystems to live sustainably. It is a multi-disciplinary field integrating disciplines such as biology, chemistry, physics, ecology, earth science, atmospheric science, mathematics, and geography. The term often implies education within the school system, from primary to post-secondary. However, it sometimes includes all efforts to educate the public and other audiences, including print materials, websites, media campaigns, etc. 
  Environmental education consists of six core elements: the concept of conservation of natural resources, environmental management into ecological principles, into the concept of interaction and interdependence; and the concept of integration of environmental ethics and sustainable environment. Environmental education is the teaching of individuals, and communities, in transitioning to a society that is knowledgeable of the environment and its associated problems, aware of the solutions to these problems, and motivated to solve them.Environmental education is an educational process, in the process of personal awareness in their environment, and form an environment of interaction between biological, physical and cultural, are knowledge, skills, and values, and individually or collectively, can understand and solve current and future environmental problems.",1209,4401F522,440411,資四一A ,1209
69,1132,林君樺,221401724011A0,資訊管理系,1724,1,1,A0,體育-撞球,PE-Billiards,林君樺,40,10,30,0,全18週,2,1,通識必修(通識),,4,"8,9","1.第一階段志願選，僅由資四一Ａ、聽四一Ａ、幼二一Ａ互相跨班選課。
2.第二階段加退選，開放全校二技一般生及四技一般生選課。
3.上課地點請洽體育室，一學期至多修習2門必修體育。","本課程旨在培養撞球運動基本認知與技術能力，並籍由撞
球運動的學習,促進學生身心機能的發展，增進人際關係及規律運動習慣之養成。","The aim of the course is to learn billiard in mind and learn skills through
the game of billiard, so that learners experience the fun of learning golf
skills, and thus become the future health-related physical fitness and
life-long sports movement options.",103,4401F552,440411,資四一A ,103
70,1132,陳裔專,221400118011B0,資訊管理系,118,1,1,B0,多媒體製作與應用,Production and Application of multimedia,陳裔專,48,28,20,2,全18週,2,3,專業必修(系所),S105,3,"3,4",修課限制：本系四技一般生、外系四技一般生、本所（研究生下修，不計入畢業學分）,本課程旨在學習超媒體(hypermedia) 的素材製作，包含文案(text)、圖像(image)、語音(audio)、視訊(video)；並教導學生利用各種素材製作、文案編輯、圖像處理、語音合成及視訊剪輯，進而編撰成影音光碟VCD、SVCD、DVD與網路串流。,"The course provides material source of hypermedia with computer software that includes text clips, image clips, audio clips, and video clips. The learner will integrate these clips to produce VCD, SVCD, DVD medium and steams in the web sites.",249,4401Q652,440412,資四一B ,249
71,1132,吳承翰,221400033011B0,資訊管理系,33,1,1,B0,服務學習,Service Learning,吳承翰,47,31,16,0,全18週,1,3,專業必修(系所),G103,4,5,修課限制：本系四技一般生,本課程設計旨在協助學生培養服務的精神，藉由至服務機構提供服務，落實課堂所學之服務知識與理念，並進而從服務中學習、瞭解服務於社區之重要性與體驗服務之意義，培養正向的服務態度，以期自我省思、瞭解自我進而促進自我成長與肯定生命價值。,"This course is provided to introduce the basic concepts of volunteer, and help the students with fundamental understanding in non-profit organization (NPO). The class will be guided by different instructions of lecture, group discussion, homework and test",1197,4401Q622,440412,資四一B ,1197
72,1132,姚彥淇,221400001011B0,資訊管理系,1,1,1,B0,國文二,Chinese Literature ∥,姚彥淇,51,10,41,2,全18週,2,1,通識必修(通識),G305,1,"3,4","1.第二階段加退選僅由人康、健科學院四技生一年級生互相跨班選課及人康、健科學院重修生選課。2.第三階段加退選開放系外及重修生選課。3.主題:先秦寓言選讀
",本課程就文言文（50％文言文－諸子散文、詩詞韻文）與白話文（50％白話文－現代散文、現代小說）兩方面，編選古典文學名篇及現代經典文本。內容安排除兼顧古典與現代的文學價值外，亦涵蓋文學的通俗性與藝術性。,"This course is based on two textbooks, compiled with famous classical and modern literature each. Apart from valuable literature sources and the balance between classical and modern materials, its contents also include the popularity and artistic quality of each.",112,4401F512,440412,資四一B ,112
73,1132,林東正,221400047011B0,資訊管理系,47,1,1,B0,統計學,Statistics,林東正,46,29,17,2,全18週,2,3,專業必修(系所),F606,3,"6,7",修課限制：本系四技一般生、外系四技一般生、本所（研究生下修，不計入畢業學分）,先介紹敘述性統計之資料性質、資料整理等基本觀念後，再就推論統計部分之假設檢定、變異數分析、回歸與相關及卡方檢定等進行深入探討。,"The course first will quickly introduce the Descriptive statistics which include data type, data measurement, and statistic. The focus of this course is inferential statistics- including hypothesis testing, ANOVA, correlation and linear regression, and Ch",740,4401Q632,440412,資四一B ,740
74,1132,徐建業,221401200011B0,資訊管理系,1200,1,1,B0,程式設計案例與應用,Introduction to JAVA Programming,徐建業,46,29,17,3,全18週,3,3,專業必修(系所),S105,2,"6,7,8",修課限制：本系四技一般生、外系四技一般生、本所（研究生下修，不計入畢業學分）、程式設計課程,本課程為JAVA程式語言入門課程，主要教學內容包含JAVA指令的語法，I/O的處理、程式邏輯運算、程式流程控制、陣列字串處理、JAVA套件等。另一方面，針對基本物件導向的程式設計，例如繼承、過載、多形等，亦會加以簡單講解並讓學生演練。,"Object-oriented programming is an important and basic IT skills, the purpose of this course is to teach students have the basic ability to establish a JAVA application and give students the concepts and the benefits of object-oriented programming include the characteristics Inheritance, Overload and Polymorphism. Topics covered include the Java programming language syntax, input and output functions, Array and strings, math functions, collection classes. Students will develop and test Java applications (typically) using Eclipse.",1609,4401Q662,440412,資四一B ,1609
75,1132,陳亮均,221400060011B0,資訊管理系,60,1,1,B0,資訊管理概論,Information Management Concept,陳亮均,50,32,18,3,全18週,3,3,專業必修(系所),B210,2,"2,3,4",修課限制：本系四技一般生、外系四技一般生、本所（研究生下修，不計入畢業學分）,讓學生研習本課程後能對資訊科技與管理有更深入的瞭解，也希望藉由課程的教授能讓同學對資訊科技及管理的策略使用及最先進的企業資訊科技管理與應用有所體認。,"The main objective of this course is to assist students establish a concept of Management Information Systems, the course will introduce new knowledge of Management Information Systems in digital company, students will learn the role of information system",1219,4401Q642,440412,資四一B ,1219
76,1132,陳建和,221400021011B0,資訊管理系,21,1,1,B0,環境教育,Environmental Education,陳建和,46,28,18,2,全18週,2,1,通識必修(通識),G105,4,"8,9",1.第二階段加退選，開放修習「環境教育」課程之學生及重修生互相跨班選課。2. 全部網路選課，無紙本加選。3.因轉學轉系或修習雙聯學位同學如欲提早修課，經中心同意後，請於第三階段開放其選課，名單會於第二階段選課結束後送交教務處。,"本課程旨在闡述環境永續發展的意義與重要性，教學內涵希望提昇學生永續發展的覺知，增加永續發展的概念知識，培養正確的永續發展態度與價值觀，並發展永續發展的行動技能與行動經驗。課程強調在環境中進行教育，學習有關環境的知識、態度、技能，並且為實踐永續環境而準備。環境教育包含六個核心的學習要素：自然資源保育概念、環境管理概念的融入；生態原理、互動與互賴概念的融入；以及融入環境倫理與永續性的概念等。
    課程內容涵蓋環境概論、環境倫理、環境教育法規、環境變遷與防災、節能減碳與能源管理、與永續發展與生態保育等主題內容。教學策略運用：做中學、在真實的情境中體驗、合作學習法、運用感官學習、探索環境議題等項目。教學方法採取課堂講解、分組討論、專題討論、現地參訪等方式進行，並以多媒體教材教學。期望藉由環境議題的認識與討論，深入環境的內涵；透過對於環境問題的觀察與思考，了解環境永續的本質及善盡環境保護的義務。環境教育是一種教育的過程，在過程中個人認識他們的環境，以及組成環境的生物、物理和文化間的交互作用，得到知識、技能和價值觀，並能個別或集體地了解並解決現在和將來的環境問題。","Environmental education is designed to explain the meaning and importance of environment and sustainable development. It refers to organized efforts to teach how natural environments function, and particularly, how human beings can manage behavior and ecosystems to live sustainably. It is a multi-disciplinary field integrating disciplines such as biology, chemistry, physics, ecology, earth science, atmospheric science, mathematics, and geography. The term often implies education within the school system, from primary to post-secondary. However, it sometimes includes all efforts to educate the public and other audiences, including print materials, websites, media campaigns, etc. 
  Environmental education consists of six core elements: the concept of conservation of natural resources, environmental management into ecological principles, into the concept of interaction and interdependence; and the concept of integration of environmental ethics and sustainable environment. Environmental education is the teaching of individuals, and communities, in transitioning to a society that is knowledgeable of the environment and its associated problems, aware of the solutions to these problems, and motivated to solve them.Environmental education is an educational process, in the process of personal awareness in their environment, and form an environment of interaction between biological, physical and cultural, are knowledge, skills, and values, and individually or collectively, can understand and solve current and future environmental problems.",1209,4401F522,440412,資四一B ,1209
77,1132,藍偉雄,221401719011B0,資訊管理系,1719,1,1,B0,體育-籃球2,PE-Basketball2,藍偉雄,57,15,42,0,全18週,2,1,通識必修(通識),,4,"6,7","1.第一階段志願選，僅由健四一Ａ、資四一Ｂ、醫二一Ａ、健四一Ｂ互相跨班選課。
2.第二階段加退選，開放全校二技一般生及四技一般生選課。
3.上課地點請洽體育室，一學期至多修習2門必修體育。","本課程透過對籃球運動二人、三人進攻和防守組合的戰
術與技術介紹，增進學生半場賽對抗的技能，並享受團隊互助合作與默契的樂趣，以及
裁判能力的養成。課程內容包括二人組合進攻、防守戰術與技術，三人組合進攻、防守
戰術與技術。規則部分各種違例、犯規的介紹，半場比賽裁判執法演練。","This program is through the introduction of tactics and techniques of two man 
and three man basketball defensive and offensive combinations to strengthen 
student’s techniques of half court matches and enjoy the fun of team work and 
spoken consensus and the establishment of the ability of referee. The 
program content has include the tactics and techniques of basketball team on 
two people , three people with defensive and offensive combinations to 
strengthen student’s techniques of matches ,rules of games include to 
introduction of breach of rules and foul, a referee judge practice from half court 
match.",410,4401F542,440412,資四一B ,410
78,1132,趙曜,221401263011R0,資訊管理系,1263,1,1,R0,適應體育,Physical Education,趙曜,2,0,2,0,全18週,2,1,通識必修(通識),,1,"11,12",修課限制：書面選課（申請方式請洽體育室）、上課地點請洽體育室,課程內容著重在鼓勵特殊狀況學生能藉由適應體育活動設計以提供修正、降低能力限制而仍然能夠在活動中漸漸增進健康體適能與運動表現能力，並進而促進身心健全發展。,"The purpose of this course not only emphasis on the maintenance of physical fitness and sport skill, but also on the cultivation of the leisure, for the improving the concept of injury prevention. In the activities, students can gradually improve health fitness and sports performance, and further promote the development of physical and mental.",8331,4401F532,440AR0,資四前R0,8331
79,1132,陳亮均,2.21E+13,資訊管理系,35,1,2,20,組織行為學,Organizational Behavior,陳亮均,35,20,15,3,全18週,3,7,專業選修(系所),S105,5,"6,7,8",修課限制：EMI全英語授課、本系四技一般生大二以上、外系四技一般生大二以上、本所（研究生下修，不計入畢業學分）,本課程將從組織之定義及組織行為之定義開始討論組織行為在管理層面之重要性，課程會包括組織行為全球觀點、組織行為之行程與差異、組織之激勵、個體決策、工作團對與溝通領導等組織研究領域相關重點。課程會以講授、活動與戶外教學來啟發同學在組織行為學上的概念及興趣。,"The main objective of this course is to introduce the concept of Organizational Behavior (OB), such as the definition of OB and why this subject is important to enterprise. Second, the course attempts to stimulate students’ interest in the area of OB, so",1219,4402Z562,440B20,資日四20,1219
80,1132,蔡坤孝,2.21E+13,資訊管理系,131,1,2,21,網路程式設計,Internet Programming,蔡坤孝,35,25,10,3,全18週,3,7,專業選修(系所),S105,1,"5,6,7",修課限制：本系四技一般生大二以上、外系四技一般生大二以上、本所（研究生下修，不計入畢業學分）、程式設計課程,本課程將對「Web-Based程式設計」做綜合性的介紹，內容著重在「WWW運作模型」、「Web應用系統程式設計」和「Web Services程式設計」，由於Microsoft的.NET和Sun的JSP是目前Web Programming的兩大技術陣營，兩方各有專長，我們在課程中將會同時討論到這兩派的技術。,"This course provides a comprehensive introduction to web programming. We will focus on understanding the web operational model, building web applications and web services. And we will talk about both Microsoft’s .NET and Sun’s JSP technologies. Technologi",9996,4402Z572,440B21,資日四21,9996
81,1132,祝國忠,2.21E+13,資訊管理系,229,1,2,22,人工智慧,Artificial Intelligence,祝國忠,36,28,8,3,全18週,3,7,專業選修(系所),F602,5,"2,3,4",修課限制：本系四技一般生大二以上、外系四技一般生大二以上、本所（研究生下修，不計入畢業學分）,"his course serves as an introduction to diﬀerent type of expert systems. This systems are used mainly of problems that cannot be addressed using a more traditional approach. We will cover rule-based systems, fuzzy expert systems, neural networks and evolu","This course serves as an introduction to di?erent type of expert systems. This systems are used mainly of problems that cannot be addressed using a more traditional approach. We will cover rule-based systems, fuzzy expert systems, neural networks and evol",752,4402Z582,440B22,資日四22,752
82,1132,陳彥宏,2.21E+13,資訊管理系,1470,1,2,23,C#.NET程式開發與應用,C# .NET Program Development and Application,陳彥宏,53,35,18,3,全18週,3,7,專業選修(系所),F602,2,"8,9,10",修課限制：本系四技一般生大二以上、外系四技一般生大二以上、本所（研究生下修，不計入畢業學分）、程式設計課程,"本課程為一學期 C#.NET 應用程式設計課程，以微軟.NET 平台 Visual Studio 2015 開發工
具為程式開發基礎，課程內容將詳盡說明 C#語言的語法結構及流程控制能力同時加強
多工處理程式之撰寫技巧及物件設計之能力。對於使用者圖形化介面則透過 WPF 技術
之整合使程式邏輯與資料分開管理、而對資料庫之應用則加強存取串聯、整合等為課程
教學重點，得以使學生具備就業市場中所需.NET 環境資訊系統開發能力。","One semester C # .NET application design courses, under the Microsoft .NET platform by using
Visual Studio 2015 development tools to develop program. At the mean time the speaker will
detailed description of the course content grammatical structure and process control capabilities
of C # language and strengthen the multi-processing program writing skills and ability to design of
objects. For the graphical user interface makes the WPF technology through the integration of
programmable logic and data managed separately, and for the strengthening of the database
application, to equip students with the job market in the required .NET environmental
information system development capabilities.",279,4402Z592,440B23,資日四23,279
83,1132,洪論評,2.21E+13,資訊管理系,1568,1,2,24,健康照護物聯網導論,Internet of Things on Healthcare,洪論評,52,26,26,3,全18週,3,7,專業選修(系所),F602,1,"2,3,4",修課限制：本系四技一般生大二以上、外系四技一般生大二以上、本所（研究生下修，不計入畢業學分）、跨域課程、程式設計課程,本課程將以物聯網與健康發展作為出發點，並分別介紹健康、亞健康及失能照護，同時特別關注於高齡照護之相關議題。透過案例分享、專家訪談與課堂討論使學員能夠理解健康照護物聯網的實際應用效益。現今物聯網的概念已經從過去聚焦於單一產品與技術的模式，逐步擴大至大規模生活應用、醫療健康與資料分析等領域。本課程將帶領學員了解物聯網的基礎架構與裝置開發實務，並進一步學習三段五級的健康促進與預防概念，藉此激發學員結合健康照護與醫療資訊之跨領域創新應用。,"This course will take IoT and health development as its starting point, introducing health, sub-health, and disability care while placing special emphasis on issues related to elderly care. Through case sharing, expert interviews, and classroom discussions, participants will gain an understanding of the practical benefits of IoT applications in healthcare.

The concept of IoT has evolved from focusing solely on individual products and technologies to encompassing large-scale applications in daily life, healthcare, and data analytics. This course will guide participants through the fundamental architecture of IoT and practical device development. Furthermore, they will learn about the three-stage, five-level health promotion and prevention framework, inspiring them to explore interdisciplinary innovations that integrate healthcare and medical informatics.",750,4402Z602,440B24,資日四24,750
84,1132,吳承翰,221400080012A0,資訊管理系,80,1,2,A0,作業系統,Operating System,吳承翰,47,28,19,3,全18週,3,3,專業必修(系所),S103,3,"6,7,8",修課限制：本系四技一般生大二以上、外系四技一般生大二以上、本所（研究生下修，不計入畢業學分）,ntroduction to operating system ‧ Operating system structure o monolithic kernel o micro-kernel o virtual machine ‧ process concept ‧ Process synchronization ‧ memory management ‧ address space ‧ file system ‧ I/O system ‧ protection Linux ope,"Introduction to operating system,Operating system structure; process concept, Process synchronization; memory management; address space; file system; I/O system; protection",1197,4402Q342,440421,資四二A ,1197
85,1132,林瑋婷,221400024012A0,資訊管理系,24,1,2,A0,法律倫理與生活,Laws and Ethics of Daily Life,林瑋婷,41,26,15,2,全18週,2,1,通識必修(通識),G105,4,"3,4",1.第二階段加退選，開放修習「法律倫理與生活/經濟與生活」課程之學生及重修生互相跨班選課。2. 全部網路選課，無紙本加選。3.因轉學轉系或修習雙聯學位同學如欲提早修課，經中心同意後，請於第三階段開放其選課，名單會於第二階段選課結束後送交教務處。,本課程之介紹，在於使學生對法律常識、法律理念、倫理概念及我國現行法有一整體性的認知。從生活與倫理及正義概念出發，就常見的法律問題，深入淺出有系統的介紹，以培養現代人正確的法律觀及倫理觀。,"This course helps students to develop the following concepts: law, ethic, legal perspective, and legal system of Taiwan. From the aspects of ethics and justice, this course introduces common legal issues, in order to develop the knowledge of law and ethic for students.",1203,4402F252,440421,資四二A ,1203
86,1132,連中岳,221400133012A0,資訊管理系,133,1,2,A0,資料庫管理系統,Data Base Management System,連中岳,40,24,16,3,全18週,3,3,專業必修(系所),F602,2,"2,3,4",修課限制：本系四技一般生大二以上、外系四技一般生大二以上、本所（研究生下修，不計入畢業學分）、程式設計課程,本課程將對於目前資料庫系統相關方法給予一完整介紹，課程內容包含傳統之實體關係模型、關聯式資料庫、SQL資料庫查詢語言、功能相一與資料庫正規劃以及其他資料庫管理相關主題。,"The main objective of this course is to provide students with the background to design, implement, and use database management systems. Topics included: Evolution of database management systems Entity Relationship Modeling and Normalization Relational Dat",402,4402Q352,440421,資四二A ,402
87,1132,林良憲,221400145012A0,資訊管理系,145,1,2,A0,資料結構,Data Structures,林良憲,41,25,16,3,全18週,3,3,專業必修(系所),F606,2,"5,6,7",修課限制：本系四技一般生大二以上、外系四技一般生大二以上、本所（研究生下修，不計入畢業學分）、程式設計課程,本課程的內容，在介紹常見的資料結構，如陣列(array)、串列(list)、堆疊(stack)、佇列(queue)、樹(tree)、圖形(graph)等，讓學生能設計出適當的資料結構，完成所需的程式功能。透過遞迴、排序(sort)、搜尋、雜湊(hashing)、找出最短路徑等各種演算法的說明，增進學生程式設計的能力。,"This course describes the most important data structures used in programming, including array, list, stack, queue, tree, and graph. The algorithms of recursion, sorting, searching, hashing and finding the shortest path are also taught in this course. The",799,4402Q362,440421,資四二A ,799
88,1132,許均宇,221401726012A0,資訊管理系,1726,1,2,A0,體育-匹克球,PE- Pickleball,許均宇,47,27,20,0,全18週,2,1,通識必修(通識),,4,"1,2","1.第一階段志願選，僅由幼四一Ｂ、資四二Ａ、護四一Ｂ互相跨班選課。
2.第二階段加退選，開放全校二技一般生及四技一般生選課。
3.上課地點請洽體育室，一學期至多修習2門必修體育。","利用循序漸進的教學方式，教導學生匹克球的基本動作，
透過對匹克球基本動作的熟練，進而提昇學生對匹克球比賽的興趣、享受匹克球運動的
樂趣。講授匹克球運動的規則及比賽策略。強調運動員必須在規則範圍內做合法的競賽，
透過匹克球運動來幫助學生守法、守分與合作的精神，並協助運動習慣的養成，期望學
生能以匹克球運動作為終身運動。","The content of course is to instruct students’ Pickleball skill by using 
step-by-step teaching method. Over the basic movement of the skilled is to 
enhance the students' interest in Pickleball game and enjoyment the fun of 
Pickleball. The rules and strategies of teaching Pickleball to emphasize that 
athletes must be legitimate competition in the scope of the rules through the 
sport of Pickleball to help students to obey the law, be law-abiding and 
cooperation spirit, Therefor, students are expected to develop the habit of 
exercise and to choice Pickleball as a lifetime of activity.",9133,4402F272,440421,資四二A ,9133
89,1132,吳承翰,221400080012B0,資訊管理系,80,1,2,B0,作業系統,Operating System,吳承翰,31,17,14,3,全18週,3,3,專業必修(系所),F601,1,"8,9,10",修課限制：本系四技一般生大二以上、外系四技一般生大二以上、本所（研究生下修，不計入畢業學分）,ntroduction to operating system ‧ Operating system structure o monolithic kernel o micro-kernel o virtual machine ‧ process concept ‧ Process synchronization ‧ memory management ‧ address space ‧ file system ‧ I/O system ‧ protection Linux ope,"Introduction to operating system,Operating system structure; process concept, Process synchronization; memory management; address space; file system; I/O system; protection",1197,4402Q342,440422,資四二B ,1197
90,1132,林瑋婷,221400024012B0,資訊管理系,24,1,2,B0,法律倫理與生活,Laws and Ethics of Daily Life,林瑋婷,34,17,17,2,全18週,2,1,通識必修(通識),G105,4,"1,2",1.第二階段加退選，開放修習「法律倫理與生活/經濟與生活」課程之學生及重修生互相跨班選課。2. 全部網路選課，無紙本加選。3.因轉學轉系或修習雙聯學位同學如欲提早修課，經中心同意後，請於第三階段開放其選課，名單會於第二階段選課結束後送交教務處。,本課程之介紹，在於使學生對法律常識、法律理念、倫理概念及我國現行法有一整體性的認知。從生活與倫理及正義概念出發，就常見的法律問題，深入淺出有系統的介紹，以培養現代人正確的法律觀及倫理觀。,"This course helps students to develop the following concepts: law, ethic, legal perspective, and legal system of Taiwan. From the aspects of ethics and justice, this course introduces common legal issues, in order to develop the knowledge of law and ethic for students.",1203,4402F252,440422,資四二B ,1203
91,1132,連中岳,221400133012B0,資訊管理系,133,1,2,B0,資料庫管理系統,Data Base Management System,連中岳,49,34,15,3,全18週,3,3,專業必修(系所),F602,2,"5,6,7",修課限制：本系四技一般生大二以上、外系四技一般生大二以上、本所（研究生下修，不計入畢業學分）、程式設計課程,本課程將對於目前資料庫系統相關方法給予一完整介紹，課程內容包含傳統之實體關係模型、關聯式資料庫、SQL資料庫查詢語言、功能相一與資料庫正規劃以及其他資料庫管理相關主題。,"The main objective of this course is to provide students with the background to design, implement, and use database management systems. Topics included: Evolution of database management systems Entity Relationship Modeling and Normalization Relational Dat",402,4402Q352,440422,資四二B ,402
92,1132,林良憲,221400145012B0,資訊管理系,145,1,2,B0,資料結構,Data Structures,林良憲,40,23,17,3,全18週,3,3,專業必修(系所),F606,2,"2,3,4",修課限制：本系四技一般生大二以上、外系四技一般生大二以上、本所（研究生下修，不計入畢業學分）、程式設計課程,本課程的內容，在介紹常見的資料結構，如陣列(array)、串列(list)、堆疊(stack)、佇列(queue)、樹(tree)、圖形(graph)等，讓學生能設計出適當的資料結構，完成所需的程式功能。透過遞迴、排序(sort)、搜尋、雜湊(hashing)、找出最短路徑等各種演算法的說明，增進學生程式設計的能力。,"This course describes the most important data structures used in programming, including array, list, stack, queue, tree, and graph. The algorithms of recursion, sorting, searching, hashing and finding the shortest path are also taught in this course. The",799,4402Q362,440422,資四二B ,799
93,1132,藍偉雄,221401721012B0,資訊管理系,1721,1,2,B0,體育-排球2,PE-Volleyball2,藍偉雄,58,14,44,0,全18週,2,1,通識必修(通識),,4,"3,4","1.第一階段志願選，僅由護四一Ａ、護四一Ｄ、資四二Ｂ互相跨班選課。
2.第二階段加退選，開放全校二技一般生及四技一般生選課。
3.上課地點請洽體育室，一學期至多修習2門必修體育。","本課程透過攻防系統介紹與練習、團隊攻防練習、比
賽系統介紹與練習等，使學生體會排球是項有趣的團隊運動，瞭解比賽場地設備
和比賽規則。課程內容包含個人或多人的進攻與防守技術、戰術學習與運用，在
比賽中培養學生的集體行動團結合作精神，進而達到增進友誼和同學間之情感，
並享受比賽帶來的競爭與樂趣。","This course is through the introduction and practice of offensive-defensive 
system, group offensive-defensive practice, game system introduction and 
practice etc., to have students experience that volleyball is an interesting 
group sports, and understand game fields, equipment and the rules of game . 
Curriculum includes individual or group offensive and defensive techniques, 
the learning and application of tactics, establishing the spirit of team work 
through games so that to strengthen the friendship among classmates and 
enjoy the competition and fun with games.",410,4402F262,440422,資四二B ,410
94,1132,陳亮均,221400145012C0,資訊管理系,145,1,2,C0,資料結構,Data Structures,"陳亮均,陳彥宏,林良憲",1,1,0,3,全18週,3,3,專業必修(系所),F1025,1,"5,6,7",,本課程的內容，在介紹常見的資料結構，如陣列(array)、串列(list)、堆疊(stack)、佇列(queue)、樹(tree)、圖形(graph)等，讓學生能設計出適當的資料結構，完成所需的程式功能。透過遞迴、排序(sort)、搜尋、雜湊(hashing)、找出最短路徑等各種演算法的說明，增進學生程式設計的能力。,"This course describes the most important data structures used in programming, including array, list, stack, queue, tree, and graph. The algorithms of recursion, sorting, searching, hashing and finding the shortest path are also taught in this course. The",1219,4402Q362,440BC0,資日四C0,"121,902,790,799"
95,1132,闕瑞紋,2.21E+13,資訊管理系,83,1,3,30,健康照護管理學,Healthcare Organizational Management,闕瑞紋,32,13,19,3,全18週,3,7,專業選修(系所),G105,2,"6,7,8",修課限制：本系四技一般生大三以上、外系四技一般生大三以上、本所（研究生下修，不計入畢業學分）,本課程旨在協助學生獲得有關我國保健及醫療照護體系(Health Care System)內有關機構之組織及管理的基本知識與技能，及其在醫療相關部門管理之應用。課程內容以管理程序為架構，範圍從管理的簡介開始，再依循管理的過程分別介紹健康照護管理有關的主題－醫療體系與環境、規劃、組織、人力資源管理、領導與激勵、品管，風險管理等之理論與實務層面。以期學生由此能對健康照護管理有一基本的但完整的認識，以開發自己的管理潛能。,"The purpose of this course is to assist the student with nursing experiences to gain the knowledge and skills of the organization and management, in turn, and to be able to apply those to healthcare management. Topics include：The concept of “Customer-Focu",9066,4403Z722,440C30,資日四30,9066
96,1132,朱原嘉,2.21E+13,資訊管理系,141,1,3,31,健康照護資訊系統,Health care information system,朱原嘉,21,16,5,3,全18週,3,7,專業選修(系所),F602,4,"2,3,4",修課限制：本系四技一般生大三以上、外系四技一般生大三以上、本所（研究生下修，不計入畢業學分）,本課程內容包括健康照護資訊簡介、醫學語言與分類系統、醫學資料處理、電子病歷、生醫訊號處理、病人安全資訊系統、醫學資訊傳輸與資料交換標準（HL7）、醫學數位影像傳輸標準（DICOM）、醫療決策分析與智慧型系統、遠距醫療、網路健康照顧服務及公共衛生資訊系統等。,"The content of this course includes Introduction to Health Informatics, Medical Data Process, Electronic Medical Records, Medical Image, Medical Coding and Classification systems, Medical Decision Support and Intelligent Systems, Health Level Seven (HL7),",973,4403Z732,440C31,資日四31,973
97,1132,蔡坤孝,2.21E+13,資訊管理系,1131,1,3,32,行動應用程式設計,Mobile Application Development,蔡坤孝,0,0,0,3,全18週,3,7,專業選修(系所),,1,"8,9,10",20250218關課，修課限制：本系四技一般生大三以上、外系四技一般生大三以上、本所（研究生下修，不計入畢業學分）、程式設計課程,"本課程為教導學生撰寫行動應用軟體(Application software, Mobile
application, 或簡稱 App)。近年來，行動裝置已非常普及，無論智慧型手機
或平板電腦，這些行動裝置上的應用軟體，皆有很大的需求，因此，行動應
用軟體可說是目前當紅的應用軟體開發領域。
本教學著重於 Android 系統上的軟體開發，因此，同學應熟悉 Java 程
式語言(不熟悉的同學可一邊上課學 Android，一邊利用課外時間惡補 Java)，
上課開發環境為 Android Studio，課程包含學習使用介面、事件處理與其他
進階功能，以讓學生能具備開發行動應用軟體之能力。","Technology continues to evolve and provide us with increasingly powerful
mobile devices. Computers are no longer confined to desks and laps but instead live
in our pockets and hands. The purpose of this course is to teach students how to build
Teacher’s academic code: 9996
mobile apps for Android operating platform. We learn to write both web apps and
native apps for Android using Eclipse and the Android SDK. Moreover, the course
teaches students to think about the unique design and deployment issues that must be
taken into consideration when developing applications for mobile devices.",9996,4403Z672,440C32,資日四32,9996
98,1132,吳承翰,2.21E+13,資訊管理系,1456,1,3,33,行動軟體APP設計,Mobile Application Development,吳承翰,45,32,13,3,全18週,3,7,專業選修(系所),F601,4,"6,7,8",修課限制：本系四技一般生大三以上、外系四技一般生大三以上、本所（研究生下修，不計入畢業學分）、程式設計課程,本課程主要在教授行動軟體APP (1)軟體製作技術，(2)UI/UX設計技術，(3)企畫技術。我們將指導學生實作幾項APP習作作品，並且完成一項APP應用作品。,"The essential of this course is leading students to build up their APP software programming skills, to be familiar with APP UI/UX design skills, and to practice the APP development teamwork. Students will be guide to practice several APP development. And they are asked to develop and make one APPs in this course by themselves.",1197,4403Z682,440C33,資日四33,1197
99,1132,陳宏亮,2.21E+13,資訊管理系,1458,1,3,34,SAS應用資料處理,Applied Data Manipulation in SAS,陳宏亮,37,24,13,3,全18週,3,7,專業選修(系所),F602,3,"1,2,3",修課限制：本系四技一般生大三以上、外系四技一般生大三以上、本所（研究生下修，不計入畢業學分）、程式設計課程,SAS系列軟體是當今重要的資料處理、資料應用、資料分析軟體，可以用在一般資料處理應用分析也可以用在Big Data資料處理應用分析。在SAS資料處理、應用與分析架構上，本課程著重於「從資料應用角度，如何使用SAS資料處理技術來整理分析資料，並製作相關文件」。,"We are intended to introduce the concept of planning, designing, and executing applied data manipulation projects using SAS technologies. Through step-by-step guiding of case studies, students are going to be familiar with the processes of applied data manipulation. And they are going to study SAS basic data manipulation skills. Students are asked to work on several projects in this course.",731,4403Z692,440C34,資日四34,731
100,1132,陳亮均,2.21E+13,資訊管理系,1654,1,3,35,資訊實務實習,Practice Training For Information Technology,陳亮均,79,52,27,1,全18週,2,7,專業選修(系所),,6,5,修課限制：實習課程、本系四技一般生大三以上、本所（研究生下修，不計入畢業學分）、退選以書面退選方式辦理、如有加選需另至系辦申請。,運用企業社會資源，讓學生進行實習，拓展學生在專業實務方面之知識與經驗；實習指導老師提供相關諮詢與輔導。,"(1) Let students be familiar with working environment and cultivate correct concepts and work ethic. 
(2) School utilizes social resources to have students expand their knowledge and experience in the areas of professional practice; 
(3) Instructors provide consulting and counseling. 
(4) Instructors assess students’ learning outcomes.",1219,4403Z702,440C35,資日四35,1219
101,1132,林劍秋,2.21E+13,資訊管理系,1700,1,3,36,產業經營績效之大數據分析,Big data analysis for industrial operating performance,林劍秋,46,34,12,3,全18週,3,7,專業選修(系所),F602,5,"8,9,10",修課限制：本系四技一般生大三以上、外系四技一般生大三以上、本所（研究生下修，不計入畢業學分）,本課程將教授學生如何透過大數據發展過程與產業/領域應用案例，掌握產業經營如何與大數據分析結合，掌握產業的發展、成本與費用的控制、經營效率管理技巧。本課程將讓學生整合數據分析與商業管理理論，透過策略規劃掌握企業發展，控管企業營運執行，奠基學生養成以大數據分析作為企業經營分析與決策之依據。,"This course will demonstrate how to aggregate industrial operating performance data through understanding of history and case of data analysis. This help student to master big data analysis, cost/expense control, and operational efficiency management skills. This course will allow students to integrate data analysis and business management theory in order to realize the framework of business development and business execution performance, which is the foundation for students applying big data analysis as the basis of enterprise business analysis and decision-making.",1152,4403Z712,440C36,資日四36,1152
102,1132,孔祥璿,2.21E+13,資訊管理系,222,1,3,70,防衛動員,All-out Defense Education Military Training－Defense Mobilization,孔祥璿,0,0,0,2,全18週,2,5,通識選修(通識),,5,"6,7","114/02/11停開，自第二階段加退選起開放選課。修課限制：本系四技一般生、外系二技一般生、外系四技一般生、外系二技進修部
",在我國面臨來自全球的綜合性安全威脅及中共可能採取「超限戰」式攻擊行動想定下，實應強化戰時防衛動員機制與平時緊急應變機制的整合。本課程從全民國防的觀點探討如何強化防衛動員體制與緊急應變體制的整合，並從制度面強化全民國防理念的落實與貫徹。期望能夠建構一個適於平時與戰時緊急事態的動員與災害救援體制，有效發揮整合的功能。使戰時的能量可以透過平時災害救援的實際演練增加與培訓能量，於平時培養及配合不同機制與功能的默契與運作習慣。,"Nontraditional security has become the main consideration as many countries researched into　national security, which no longer belongs to army’s duty only. Instead, it is also a mutual issue that all　the people should care about. This is why many countries all over the world now put emphasis on all　out defense. In the present stage the military strategy of ROC is in accordance with the ""all-out defense　mobilization"" policy, which is based on “effective deterrence and resolute defense”, that goal is to build　the counter-strike and defensive capabilities with deterring effects, and to resist the invasion, therefore,　the core of national defense strategy is the all-out defense policy with strong defense capability.",1253,4403W072,440C70,資日四70,1253
103,1132,張力允,221400149013A0,資訊管理系,149,1,3,A0,資訊安全,Information Security,"張力允,黃純文",43,27,16,3,全18週,3,3,專業必修(系所),G103,5,"2,3,4",修課限制：本系四技一般生大三以上、外系四技一般生大三以上、本所（研究生下修，不計入畢業學分）,本課程旨在介紹資訊安全的理論與實務，包括資料加解密技術與演算法，數位簽章與認證，及現行網際網路上駭客行為及防駭。,"This course provides the basic concepts of information security. It includes the principles of encryption, decryption, signatures and authentication. The security practices in the Internet and electronic commerce will also be introduced in the course.",491,4403Q352,440431,資四三A ,"4,919,080"
104,1132,陳亮均,221400089013A0,資訊管理系,89,1,3,A0,實務專題(一),Practical Project I,"徐建業,祝國忠,洪論評,林東正,陳彥宏,連中岳,林良憲,陳亮均,吳承翰",78,51,27,3,全18週,3,3,專業必修(系所),,6,1,修課限制：本系四技一般生大三以上、專題製作、程式設計課程,為某一主題上提出創新觀念，或對某主題存在的問題提出解決方案，或在效能上提出改進具體建議之研究，並驗證之。,"The topics of this course bring up creative ideas on certain topics, make solutions to known problems on certain topics; or researches in making effective suggestions to improve efficiency and prove it.",1219,4403Q342,440431,資四三A ,"160,907,520,750,074,000,000,000,000,000,000,000"
105,1132,邱慧洳,221400026013A0,資訊管理系,26,1,3,A0,應用法規導論,Introduction of Professional Law,邱慧洳,36,24,12,2,全18週,2,1,通識必修(通識),F607,2,"1,2",修課限制：本系四技一般生,本課程醫護法學之介紹，使學生對法律結構、法學理念及我國現行法有一整體性的認知，以奠定法學啟發基礎。從醫護正義概念出發，就醫護法規、醫護法制、護理法律責任與訴訟、醫護人員切身法律問題等，深入淺出有系統的介紹，以培養現代醫護人員正確的法律觀。並從醫護業務與法律實務的角度，點出護理人員與其他醫事人員的責任分際、臨床醫護人員與公共衛生醫護人員面臨法律問題的不同、醫病糾紛的預防與處理等，以強化醫護人員處理法律問題的能力。,This subject is taught by way of the introduction of the basic law to let the students to understand the whole outline of the construction of law，the virtue of the jurisprudence and the  present law in Taiwan.  It begins as the teaching of the concept of the professional justice and is succeeded by introducing the medical and nursing law，the institution of the professional law，the responsibility and litigation as well as the professional liability of the member of professional society to ensure the students to know the exact concept of the law and to develop problem-solving abilities .,1022,4403F282,440431,資四三A ,1022
106,1132,吳承螢,221401714013A0,資訊管理系,1714,1,3,A0,體育-羽球3,PE-Badminton3,吳承螢,50,17,33,0,全18週,2,1,通識必修(通識),,2,"3,4","1.第一階段志願選，僅由資四三Ｂ、資四三Ａ、聽四三Ａ互相跨班選課。
2.第二階段加退選，開放全校二技一般生及四技一般生選課。
3.上課地點請洽體育室，一學期至多修習2門必修體育。","本課程透過對羽球雙打常用技術及比賽概念的介紹，引
導學生體驗羽球雙打比賽的奧妙。授課內容包括發球、網邊球、挑球、切球、平擊球、
高遠球、殺球、球路組合、雙打站位、比賽規則與戰術介紹及實際比賽體驗。","This program leads students to experience the secret of badminton doubles 
through the introduction of the common skills and game concept of badminton 
doubles. Course content includes service, drop shot, lobs, cut, drive, clear, 
smashes, technique combination, doubles standing position, game rules, 
tactic introduction and actual experience of games.",8337,4403F262,440431,資四三A ,8337
107,1132,張力允,221400149013B0,資訊管理系,149,1,3,B0,資訊安全,Information Security,"張力允,黃純文",37,24,13,3,全18週,3,3,專業必修(系所),G103,1,"2,3,4",修課限制：本系四技一般生大三以上、外系四技一般生大三以上、本所（研究生下修，不計入畢業學分）,本課程旨在介紹資訊安全的理論與實務，包括資料加解密技術與演算法，數位簽章與認證，及現行網際網路上駭客行為及防駭。,"This course provides the basic concepts of information security. It includes the principles of encryption, decryption, signatures and authentication. The security practices in the Internet and electronic commerce will also be introduced in the course.",491,4403Q352,440432,資四三Ｂ,"4,919,080"
108,1132,吳大椿,221400026013B0,資訊管理系,26,1,3,B0,應用法規導論,Introduction of Professional Law,吳大椿,41,26,15,2,全18週,2,1,通識必修(通識),G104,2,"1,2",修課限制：本系四技一般生,本課程醫護法學之介紹，使學生對法律結構、法學理念及我國現行法有一整體性的認知，以奠定法學啟發基礎。從醫護正義概念出發，就醫護法規、醫護法制、護理法律責任與訴訟、醫護人員切身法律問題等，深入淺出有系統的介紹，以培養現代醫護人員正確的法律觀。並從醫護業務與法律實務的角度，點出護理人員與其他醫事人員的責任分際、臨床醫護人員與公共衛生醫護人員面臨法律問題的不同、醫病糾紛的預防與處理等，以強化醫護人員處理法律問題的能力。,This subject is taught by way of the introduction of the basic law to let the students to understand the whole outline of the construction of law，the virtue of the jurisprudence and the  present law in Taiwan.  It begins as the teaching of the concept of the professional justice and is succeeded by introducing the medical and nursing law，the institution of the professional law，the responsibility and litigation as well as the professional liability of the member of professional society to ensure the students to know the exact concept of the law and to develop problem-solving abilities .,644,4403F282,440432,資四三Ｂ,644
109,1132,簡名豪,221401716013B0,資訊管理系,1716,1,3,B0,體育-桌球2,PE-Table Tennis2,簡名豪,24,15,9,0,全18週,2,1,通識必修(通識),,2,"3,4","1.第一階段志願選，僅由資四三Ｂ、資四三Ａ、聽四三Ａ互相跨班選課。
2.第二階段加退選，開放全校二技一般生及四技一般生選課。
3.上課地點請洽體育室，一學期至多修習2門必修體育。","學習與養成良好的各種基本技術後並加強比賽技術、戰
術的應用與結合，以期能在桌球比賽中獲得有效成果。如有優質的各種基本技術及搭配
單打戰術應用就能在比賽中直接得分與攻擊。在比賽技術中有良好優質的接發球戰術就
能先發制人，且能有效控制對方直接攻擊得分，其贏球機率高。因此在單打技術、戰術
應用桌球技術中佔有極重要性。","After learning and cultivating various kinds of basic skills, 
a player should reinforce the applications and combinations of singles and 
tactics, aiming to have effective results in table tennis games. If a player has 
various kinds of superior basic skills combined with the applications of singles 
tactics, he/she can score and attack directly in a game. In terms of singles, if a 
player has superior tactics for receiving and serving the ball, he/she can take 
the initiative and control his/her opponent effectively to attack and score 
directly, so that he/she will have a greater chance to win the game; therefore, 
such tactics has great importance in table tennis skills regarding singles and 
tactics applications.",9135,4403F272,440432,資四三Ｂ,9135
110,1132,張顯洋,2.21E+13,資訊管理系,69,1,4,40,資訊管理證照綜論,Introduction to Information Management Certificates,張顯洋,6,4,2,3,第1~14週,3,7,專業選修(系所),F602,3,"5,6,7,8",修課限制：本系四技一般生、外系四技一般生、本所（研究生下修，不計入畢業學分）、畢業班課程,本課程主要目標為輔導同學考取有利就業與深造的資訊管理相關證照，涵蓋醫資管理師、Microsoft與TQC證照等，內容包括Excel試算表的進階操作功能、Excel/VBA物件導向程式設計、Access資料庫管理系統的進階操作功能、結構化查詢語言SQL的設計技巧以及醫學資理管理。,"This course introduces the advanced functions of Excel and Access, programming of Excel/VBA and SQL, and basic concepts of medical informatics. This course also helps the students prepare for and pass the related certification.",443,4404Z512,440D40,資日四40,443
111,1132,陳彥宏,2.21E+13,資訊管理系,419,1,4,41,提示工程與商務應用,,陳彥宏,37,26,11,3,第1~14週,3,7,專業選修(系所),S105,1,"1,2,3,4",修課限制：本系四技一般生大四、本所（研究生下修，不計入畢業學分）、畢業班課程、程式設計課程,,,279,4404Z522,440D41,資日四41,279
112,1132,陳亮均,2.21E+13,資訊管理系,1197,1,4,42,資訊管理實習,Practice of Information Management,陳亮均,1,0,1,4,第1~14週,16,7,專業選修(系所),,6,6,"開學第1週前至系辦申請，經甄選後，採人工方式選課。
修課限制：實習課程、本系四技一般生大二以上、本所（研究生下修，不計入畢業學分）、畢業班課程、程式設計課程","(1) 讓學生認識環境並建立正確職場觀念與工作倫理。
(2) 運用企業社會資源，讓學生進行實習，拓展學生在專業實務方面之知識與經驗；
(3) 實習指導老師提供相關諮詢與輔導。
(4) 評估實習之學習成效。","(1) Let students be familiar with working environment and cultivate correct concepts and work ethic. 
(2) School utilizes social resources to have students expand their knowledge and experience in the areas of professional practice; 
(3) Instructors provide consulting and counseling. 
(4) Instructors assess students’ learning outcomes.",1219,4404Z532,440D42,資日四42,1219
113,1132,陳亮均,2.21E+13,資訊管理系,1198,1,4,43,企業實習,Enterprise Practicum,陳亮均,0,0,0,9,第1~14週,32,7,專業選修(系所),,6,7,"開學第1週前至系辦申請，經甄選後，採人工方式選課。
修課限制：實習課程、本系四技一般生大二以上、本所（研究生下修，不計入畢業學分）、畢業班課程、程式設計課程","(1) 讓學生認識環境並建立正確職場觀念與工作倫理。
(2) 運用企業社會資源，讓學生進行實習，拓展學生在專業實務方面之知識與經驗；
(3) 實習指導老師提供相關諮詢與輔導。
(4) 評估實習之學習成效。","(1) Let students be familiar with working environment and cultivate correct concepts and work ethic. 
(2) School utilizes social resources to have students expand their knowledge and experience in the areas of professional practice; 
(3) Instructors provide consulting and counseling. 
(4) Instructors assess students’ learning outcomes.",1219,4404Z542,440D43,資日四43,1219
114,1132,楊岳,2.21E+13,資訊管理系,1586,1,4,44,使用者體驗設計,User Experience Design,楊岳,0,0,0,3,第1~14週,3,7,專業選修(系所),,4,"6,7,8,9",1140225關課。修課限制：本系四技一般生大四、外系四技一般生大四、本所（研究生下修，不計入畢業學分）、畢業班課程,"本課程旨在介紹學生使用者體驗(UX)與使用者介面(UI)設計中使用的方法和工具。使用者體驗設計專注於產品生命週期的早期設計階段，旨在確保產品滿足使用者需求；涵蓋的範例工具和方法包括角色、場景、故事板、焦點團體、線框圖、原型設計等，以及InVision、Áxure、Balsamiq等軟體。
在本課程中，學生將透過三個團隊活動實際演練當今行動科技的產品設計中一個或多個使用者體驗設計的方法，藉以讓學生清楚瞭解使用者體驗與使用者介面設計的概括全貌。","This course provides an introduction to the fields of UX research and design. Students will gain an understanding of what is involved in UX research, including conducting interviews, evaluating systems, and analyzing systems using principles of good design. Students will also learn about the work involved in UX Design, including the generation of promising design solutions and the creation of prototypes at multiple levels of fidelity. By interleaving successive phases of UX Research and Design, students will see how to learn from inevitable mistakes and improve towards a product with a great UX.",253,4404Z552,440D44,資日四44,253
115,1132,郭朝揚,221400020014A0,資訊管理系,20,1,4,A0,科技與生活,Technology and Life,"郭朝揚,翁仕彥",43,24,19,2,第1~14週,2,1,通識必修(通識),F405,4,"2,3,4",1.第二階段加退選，開放修習「應用科學導論/科技與生活」課程之學生及重修生互相跨班選課。 2.全部網路選課，無紙本加選。 3.因轉學轉系或修習雙聯學位同學如欲提早修課，經中心同意後，請於第三階段開放其選課，名單會於第二階段選課結束後送交教務處。畢業班，14週上滿36小時。,以學生現有的數理、生物背景為基礎，引導學生進入科技應用的領域。現代科技進步快速，世界日新月異，學生需具備有敏銳之觀察力與學習能力，始能跟上時代之潮流。本課程將目前先進之科技作一概念性的介紹；涵蓋有太空科技、能源應用、材料科技、生物技術、資訊科技等內容，期能一窺世界之奧妙，進而引發學習新知之動機與興趣。,"At the dawn of the twenty-first century today, as every citizen of the world should have a basic scientific concept and knowledge which can serve people to make the decisions, participate in civic and cultural affairs, and join economic production activities. Also, beside the professional expertise and technology, the most important thing for the citizens is to care about humanities, develop themselves actively, and benefit the people and serve the community.
The major purpose of this course is from the new technology of modern life to induced the students knowing the basic applied science and technique concept. From the simpler chemistry, physics and biologic technology, step by step , let students know more the world and more interesting about the new matters and new technology.
The studentswho finish this course will know the basic applied science and technology and more understanding about the world we lived.",1109,4404F122,440441,資四四A ,"11,090,252"
116,1132,吳炤華,221400020014B0,資訊管理系,20,1,4,B0,科技與生活,Technology and Life,吳炤華,37,24,13,2,第1~14週,2,1,通識必修(通識),G104,3,"2,3,4",1.第二階段加退選，開放修習「應用科學導論/科技與生活」課程之學生及重修生互相跨班選課。 2.全部網路選課，無紙本加選。 3.因轉學轉系或修習雙聯學位同學如欲提早修課，經中心同意後，請於第三階段開放其選課，名單會於第二階段選課結束後送交教務處。畢業班，14週上滿36小時。,以學生現有的數理、生物背景為基礎，引導學生進入科技應用的領域。現代科技進步快速，世界日新月異，學生需具備有敏銳之觀察力與學習能力，始能跟上時代之潮流。本課程將目前先進之科技作一概念性的介紹；涵蓋有太空科技、能源應用、材料科技、生物技術、資訊科技等內容，期能一窺世界之奧妙，進而引發學習新知之動機與興趣。,"At the dawn of the twenty-first century today, as every citizen of the world should have a basic scientific concept and knowledge which can serve people to make the decisions, participate in civic and cultural affairs, and join economic production activities. Also, beside the professional expertise and technology, the most important thing for the citizens is to care about humanities, develop themselves actively, and benefit the people and serve the community.
The major purpose of this course is from the new technology of modern life to induced the students knowing the basic applied science and technique concept. From the simpler chemistry, physics and biologic technology, step by step , let students know more the world and more interesting about the new matters and new technology.
The studentswho finish this course will know the basic applied science and technology and more understanding about the world we lived.",599,4404F122,440442,資四四Ｂ,599
